id,time,lat,lon,depth,mag,magtype,place,mt_source,mt_type,mt_depth,mrr,mtt,mpp,mrt,mrp,mtp,strike1,dip1,rake1
usp0004u34,1991-07-13T02:50:14.690000+00:00,42.182,-125.641,11.0,6.9,mw,"103 km W of Pistol River, Oregon",us,Mww,11.5,6.89e+17,-1.881e+19,1.813e+19,-6.313e+17,2.813e+18,-2.372e+18,310.0,84.0,172.0
nc228064,1991-08-17T22:17:09.970000+00:00,41.679,-125.856,1.303,7.0,mh,"136 km WSW of Brookings, Oregon",us,Mww,11.5,1.123e+18,-3.503e+19,3.39e+19,-9.934e+18,2.02e+19,-5.296e+18,43.0,60.0,8.0
usp00055dh,1992-04-06T13:54:40.220000+00:00,50.724,-130.092,19.7,6.7,mw,"213 km W of Port McNeill, Canada",us,Mww,11.5,-1.23e+18,-8.537e+18,9.768e+18,-4.512e+18,1.218e+19,5.22e+18,61.0,38.0,356.0
nc269151,1992-04-25T18:06:05.180000+00:00,40.3353333,-124.2286667,9.856,7.2,mw,"The 1992 Petrolia, California Earthquake",nc,smi:nc.anss.org/momentTensor/TMTS,11.0,6.79e+18,5.961e+18,-1.275e+19,6.268e+18,3.767e+18,-1.454e+18,,,
nc268031,1992-04-26T07:41:40.090000+00:00,40.4325,-124.566,18.824,6.45,mw,"30 km WSW of Ferndale, California",nc,smi:nc.anss.org/momentTensor/TMTS,18.0,-2.775e+17,-2.894e+18,3.171e+18,2.796e+17,4.76e+17,-4.914e+18,,,
nc268078,1992-04-26T11:18:25.980000+00:00,40.3828333,-124.555,21.713,6.57,mw,"32 km SW of Ferndale, California",nc,smi:nc.anss.org/momentTensor/TMTS,27.0,6.91e+17,-6.949e+18,6.258e+18,-6.764e+17,-1.401e+18,-5.81e+18,,,
nc316220,1992-09-19T23:04:46.830000+00:00,38.86,-122.7918333,2.904,4.47,mw,"7 km NW of Cobb, California",nc,smi:nc.anss.org/momentTensor/TMTS,3.5,-4699000000000000.0,122000000000000.0,4577000000000000.0,710900000000000.0,769500000000000.0,4759000000000000.0,,,
nc340271,1993-03-16T03:59:26.660000+00:00,38.7895,-122.7768333,2.6,4.03,mw,"5 km SW of Cobb, California",nc,smi:nc.anss.org/momentTensor/TMTS,3.5,-439700000000000.0,-403900000000000.0,843600000000000.0,-298200000000000.0,-278700000000000.0,1151000000000000.0,,,
uw10313718,1993-09-21T03:28:55.630000+00:00,42.3161667,-122.0266667,8.56,5.9,md,"22 km WNW of Klamath Falls, Oregon",nc,smi:nc.anss.org/momentTensor/TMTS,8.0,-1.037e+18,8.111e+16,9.56e+17,1.586e+16,-1.635e+17,-2.556e+17,,,
uw10313838,1993-09-21T05:45:35.230000+00:00,42.3575,-122.0583333,8.53,6.0,md,"27 km WNW of Klamath Falls, Oregon",nc,smi:nc.anss.org/momentTensor/TMTS,8.0,-1.048e+18,-4.942e+16,1.098e+18,-2457000000000000.0,1.538e+17,-1.86e+17,,,
nc392028,1994-01-20T15:42:33.130000+00:00,40.5131667,-124.774,15.684,4.4,mw,"43 km W of Ferndale, California",nc,smi:nc.anss.org/momentTensor/TDMT,18.0,341100000000000.0,-4156000000000000.0,3815000000000000.0,1741000000000000.0,1798000000000000.0,-2768000000000000.0,,,
nc395278,1994-02-21T13:40:06.760000+00:00,40.4013333,-125.1596667,-0.233,4.4,mw,"78 km WSW of Ferndale, California",nc,smi:nc.anss.org/momentTensor/TDMT,11.0,-764000000000000.0,-302800000000000.0,1067000000000000.0,164900000000000.0,-1566000000000000.0,-5116000000000000.0,,,
nc397633,1994-03-13T16:59:03.740000+00:00,40.3635,-124.9518333,8.894,4.7,mw,"62 km WSW of Ferndale, California",nc,smi:nc.anss.org/momentTensor/TDMT,18.0,1251000000000000.0,1692000000000000.0,-2944000000000000.0,3650000000000000.0,-6164000000000000.0,-1.255e+16,,,
nc30051264,1994-06-19T10:39:32.880000+00:00,40.3555,-124.4628333,18.676,4.9,mw,"29 km SW of Ferndale, California",nc,smi:nc.anss.org/momentTensor/TDMT,21.0,1.013e+16,-3.136e+16,2.123e+16,-9256000000000000.0,-1.378e+16,-9641000000000000.0,,,
usp0006hsx,1994-09-01T15:15:53.080000+00:00,40.402,-125.68,10.0,7.1,mwb,"121 km W of Ferndale, California",us,Mww,25.5,8.703e+17,-5.254e+18,4.383e+18,5.528e+18,-2.422e+18,-3.553e+19,184.0,80.0,3.0
nc30057222,1994-09-12T23:57:09.750000+00:00,38.7763333,-119.705,-0.942,5.1,mw,"8 km ESE of Mesa Vista, California",nc,smi:nc.anss.org/momentTensor/TDMT,5.0,-4.826e+16,-1.696e+16,6.522e+16,1424000000000000.0,-1.622e+16,-2557000000000000.0,,,
nc30057278,1994-09-13T06:15:44.400000+00:00,38.7695,-119.7146667,-1.099,4.2,mw,"8 km ESE of Mesa Vista, California",nc,smi:nc.anss.org/momentTensor/TDMT,5.0,-2229000000000000.0,335800000000000.0,1894000000000000.0,-182900000000000.0,705700000000000.0,-105600000000000.0,,,
nc30058304,1994-09-20T15:40:56.460000+00:00,38.7413333,-119.6363333,-0.934,4.5,mw,"9 km WNW of Topaz Lake, Nevada",nc,smi:nc.anss.org/momentTensor/TDMT,8.0,-1965000000000000.0,-6932000000000000.0,8896000000000000.0,1014000000000000.0,475900000000000.0,675900000000000.0,,,
nc30058307,1994-09-21T02:09:01.370000+00:00,40.4235,-124.6258333,21.324,4.6,mw,"35 km WSW of Ferndale, California",nc,smi:nc.anss.org/momentTensor/TDMT,24.0,-223500000000000.0,-5037000000000000.0,5260000000000000.0,5419000000000000.0,-2673000000000000.0,-6018000000000000.0,,,
nc30060180,1994-10-10T03:07:07.340000+00:00,38.7438333,-119.6465,-1.161,4.3,mw,"10 km WNW of Topaz Lake, Nevada",nc,smi:nc.anss.org/momentTensor/TDMT,5.0,-1329000000000000.0,-2536000000000000.0,3865000000000000.0,-589300000000000.0,614200000000000.0,-1594000000000000.0,,,
nc30060477,1994-10-14T00:57:25.430000+00:00,40.3248333,-124.6205,18.816,4.5,mw,"41 km SW of Ferndale, California",nc,smi:nc.anss.org/momentTensor/TDMT,24.0,-103200000000000.0,-1441000000000000.0,1544000000000000.0,2033000000000000.0,-1235000000000000.0,-5713000000000000.0,,,
nc30062558,1994-11-14T01:28:23.980000+00:00,40.3503333,-124.4698333,17.506,4.5,mw,"30 km SW of Ferndale, California",nc,smi:nc.anss.org/momentTensor/TDMT,18.0,460300000000000.0,-4475000000000000.0,4015000000000000.0,422400000000000.0,-207200000000000.0,-6471000000000000.0,,,
nc30064424,1994-12-16T03:03:37.660000+00:00,40.6595,-125.2283333,5.023,4.6,mw,"82 km W of Ferndale, California",nc,smi:nc.anss.org/momentTensor/TDMT,5.0,-3298000000000000.0,-6001000000000000.0,9299000000000000.0,-3225000000000000.0,-1977000000000000.0,-1849000000000000.0,,,
nc30064750,1994-12-21T05:50:11.860000+00:00,38.737,-119.7186667,0.679,4.0,mw,"7 km NE of Markleeville, California",nc,smi:nc.anss.org/momentTensor/TDMT,5.0,-844800000000000.0,-454800000000000.0,1299000000000000.0,278200000000000.0,-362600000000000.0,156000000000000.0,,,
nc30065114,1994-12-26T14:10:29.180000+00:00,40.7383333,-124.3028333,22.622,5.4,mw,"7 km WNW of Fields Landing, California",nc,smi:nc.anss.org/momentTensor/TDMT,18.0,-1.421e+16,-8.991e+16,1.041e+17,-5.08e+16,-2.852e+16,9.048e+16,,,
nc30065729,1995-01-06T00:12:02.730000+00:00,38.7578333,-119.7368333,-0.92,4.4,mw,"7 km ESE of Alpine Village, California",nc,smi:nc.anss.org/momentTensor/TDMT,8.0,-3925000000000000.0,-605900000000000.0,4531000000000000.0,-1144000000000000.0,-785700000000000.0,-721500000000000.0,,,
nc30065890,1995-01-08T01:00:55.350000+00:00,40.644,-125.9271667,4.602,4.7,mw,"140 km W of Ferndale, California",nc,smi:nc.anss.org/momentTensor/TDMT,5.0,-1.251e+16,6119000000000000.0,6388000000000000.0,5032000000000000.0,-6753000000000000.0,-1504000000000000.0,,,
nc30066072,1995-01-11T13:53:32.360000+00:00,40.3211667,-124.658,12.875,4.4,mw,"43 km SW of Ferndale, California",nc,smi:nc.anss.org/momentTensor/TDMT,18.0,26490000000000.0,-2282000000000000.0,2255000000000000.0,978000000000000.0,-579300000000000.0,-3917000000000000.0,,,
nc30066289,1995-01-16T01:34:38.460000+00:00,38.823,-122.7968333,1.03,4.14,mw,"6 km W of Cobb, California",nc,smi:nc.anss.org/momentTensor/TMTS,1.5,-1368000000000000.0,-88580000000000.0,1456000000000000.0,533000000000000.0,-979700000000000.0,863600000000000.0,,,
nc30067637,1995-02-08T09:36:51.110000+00:00,40.7436667,-124.293,20.34,4.2,mw,"6 km WNW of Fields Landing, California",nc,smi:nc.anss.org/momentTensor/TDMT,18.0,110700000000000.0,-1782000000000000.0,1671000000000000.0,-489200000000000.0,-535700000000000.0,1599000000000000.0,,,
nc30068165,1995-02-18T20:17:11.240000+00:00,38.7796667,-119.7086667,-1.111,4.0,mw,"8 km ESE of Mesa Vista, California",nc,smi:nc.anss.org/momentTensor/TDMT,8.0,-1150000000000000.0,-240000000000000.0,1390000000000000.0,-245600000000000.0,-131600000000000.0,-73250000000000.0,,,
nc30068187,1995-02-19T04:03:14.940000+00:00,40.5918333,-125.7566667,4.622,6.6,mw,"126 km W of Ferndale, California",nc,smi:nc.anss.org/momentTensor/TDMT,18.0,1.975e+17,-8.138e+18,7.941e+18,1.465e+17,-1.358e+18,-3.057e+18,,,
nc30068952,1995-02-28T23:09:46.780000+00:00,38.9305,-122.625,4.694,4.1,mw,"2 km NNW of Lower Lake, California",nc,smi:nc.anss.org/momentTensor/TDMT,8.0,289200000000000.0,-1267000000000000.0,977400000000000.0,-349800000000000.0,148100000000000.0,1494000000000000.0,,,
nc30072659,1995-05-02T12:56:33.610000+00:00,40.184,-123.1718333,34.209,4.1,mw,"15 km SE of Ruth, California",nc,smi:nc.anss.org/momentTensor/TDMT,39.0,-651500000000000.0,-926600000000000.0,1578000000000000.0,292000000000000.0,-596600000000000.0,763000000000000.0,,,
nc30073264,1995-05-15T21:57:54.770000+00:00,40.4058333,-125.6161667,7.842,4.0,mw,"116 km W of Ferndale, California",nc,smi:nc.anss.org/momentTensor/TDMT,11.0,-196200000000000.0,-126300000000000.0,322400000000000.0,-141600000000000.0,61500000000000.0,-1395000000000000.0,,,
nc30073324,1995-05-17T02:29:13.990000+00:00,39.8071667,-122.7373333,2.557,4.4,mw,"18 km WSW of Paskenta, California",nc,smi:nc.anss.org/momentTensor/TDMT,5.0,-4199000000000000.0,730800000000000.0,3468000000000000.0,-481700000000000.0,-1421000000000000.0,1259000000000000.0,,,
nc30075143,1995-06-18T22:23:23.430000+00:00,39.8375,-120.7496667,-1.315,4.1,mw,"5 km WSW of Cromberg, California",nc,smi:nc.anss.org/momentTensor/TDMT,11.0,-196700000000000.0,-1338000000000000.0,1535000000000000.0,451400000000000.0,414300000000000.0,-532900000000000.0,,,
nc30082729,1995-09-04T14:16:17.670000+00:00,38.683,-122.7435,6.576,4.8,mw,"13 km SW of Middletown, California",nc,smi:nc.anss.org/momentTensor/TDMT,14.0,-623000000000000.0,-1.61e+16,1.672e+16,3877000000000000.0,1375000000000000.0,3704000000000000.0,,,
nc30089843,1995-11-15T20:33:59.720000+00:00,39.6221667,-120.0603333,-0.605,4.5,mw,"9 km SW of Cold Springs, Nevada",nc,smi:nc.anss.org/momentTensor/TDMT,11.0,-4193000000000000.0,-893300000000000.0,5086000000000000.0,1496000000000000.0,3616000000000000.0,-734000000000000.0,,,
usp00078bv,1995-12-05T19:28:21.200000+00:00,40.37,-127.093,25.0,5.0,ms,"240 km W of Ferndale, California",nc,smi:nc.anss.org/momentTensor/TDMT,30.0,-2.652e+16,4.105e+16,-1.453e+16,3.592e+16,9002000000000000.0,-9.822e+16,,,
nc30091395,1995-12-06T15:19:45.070000+00:00,40.3566667,-124.3505,21.796,4.1,mw,"25 km WSW of Scotia, California",nc,smi:nc.anss.org/momentTensor/TDMT,27.0,347500000000000.0,-914100000000000.0,566600000000000.0,-246600000000000.0,-397400000000000.0,1815000000000000.0,,,
nc30092506,1995-12-22T09:00:34.560000+00:00,38.7215,-119.635,3.659,4.86,mw,California-Nevada border region,nc,smi:nc.anss.org/momentTensor/TMTS,8.0,-1.909e+16,-8282000000000000.0,2.737e+16,-4715000000000000.0,-2897000000000000.0,-1774000000000000.0,,,
nc30092581,1995-12-23T05:39:56.650000+00:00,38.7305,-119.633,-1.081,4.7,mw,"8 km WNW of Topaz Lake, Nevada",nc,smi:nc.anss.org/momentTensor/TDMT,11.0,-249600000000000.0,-1.057e+16,1.082e+16,4455000000000000.0,1325000000000000.0,1729000000000000.0,,,
nc30092964,1995-12-28T18:28:01.230000+00:00,38.7145,-119.6545,-1.011,4.8,mw,"9 km WNW of Topaz Lake, Nevada",nc,smi:nc.anss.org/momentTensor/TDMT,14.0,-256300000000000.0,-1.691e+16,1.717e+16,-1434000000000000.0,-2593000000000000.0,2590000000000000.0,,,
usp0007b93,1996-01-17T17:48:13.760000+00:00,40.563,-127.577,10.0,4.2,ml,"280 km W of Ferndale, California",nc,smi:nc.anss.org/momentTensor/TDMT,5.0,-9290000000000000.0,3857000000000000.0,5432000000000000.0,3693000000000000.0,-522400000000000.0,-1068000000000000.0,,,
nc30095896,1996-02-05T00:38:25.080000+00:00,40.404,-125.7576667,4.682,4.1,mw,"128 km W of Ferndale, California",nc,smi:nc.anss.org/momentTensor/TDMT,11.0,-580200000000000.0,470100000000000.0,110100000000000.0,-61280000000000.0,33390000000000.0,-1470000000000000.0,,,
usp0007g7a,1996-04-15T12:29:20.560000+00:00,43.662,-127.503,10.0,5.4,mwc,"257 km WNW of Bandon, Oregon",us,Mwc,15.0,-1.44e+16,-8.24e+16,9.68e+16,-4900000000000000.0,-3.72e+16,-8.51e+16,113.0,74.0,179.0
nc30103603,1996-04-15T22:50:09.090000+00:00,40.374,-125.026,1.724,4.0,mw,"68 km WSW of Ferndale, California",nc,smi:nc.anss.org/momentTensor/TDMT,11.0,557300000000000.0,-318700000000000.0,-238600000000000.0,-127400000000000.0,17210000000000.0,1433000000000000.0,,,
nc30105130,1996-05-02T00:33:38.400000+00:00,40.3871667,-125.1756667,0.517,4.2,mw,"80 km WSW of Ferndale, California",nc,smi:nc.anss.org/momentTensor/TDMT,8.0,313400000000000.0,-243900000000000.0,-69510000000000.0,-1249000000000000.0,-950700000000000.0,1601000000000000.0,,,
nc30110544,1996-06-20T02:26:56.250000+00:00,40.9931667,-124.9393333,1.628,4.4,mw,"66 km WNW of Samoa, California",nc,smi:nc.anss.org/momentTensor/TDMT,14.0,432300000000000.0,-4914000000000000.0,4482000000000000.0,-869900000000000.0,125400000000000.0,1441000000000000.0,,,
usp0007mjm,1996-07-24T20:15:44.790000+00:00,41.784,-125.911,10.0,5.9,mwb,"136 km WSW of Pistol River, Oregon",us,Mwc,15.0,1.3e+16,-3.79e+17,3.66e+17,9.4e+16,4.7e+16,1.3e+17,325.0,75.0,-179.0
nc474828,1996-08-08T09:19:04.580000+00:00,40.352,-124.751,7.133,4.7,mw,"48 km WSW of Ferndale, California",nc,smi:nc.anss.org/momentTensor/TDMT,18.0,7450000000000000.0,-1.261e+16,5156000000000000.0,-3704000000000000.0,-9154000000000000.0,-676900000000000.0,,,
nc477790,1996-08-30T02:12:28.690000+00:00,40.5198333,-124.7713333,14.684,4.0,mw,"43 km W of Ferndale, California",nc,smi:nc.anss.org/momentTensor/TDMT,21.0,244700000000000.0,-1299000000000000.0,1054000000000000.0,-3090000000000.0,-168700000000000.0,-307500000000000.0,,,
usp0007pdm,1996-09-04T10:18:26.090000+00:00,41.915,-126.777,10.0,5.4,mwc,"201 km WSW of Pistol River, Oregon",us,Mwc,15.0,-1.29e+17,-6000000000000000.0,1.35e+17,-1000000000000000.0,-9.5e+16,-1.6e+16,169.0,27.0,-98.0
usp0007pjm,1996-09-06T20:42:29.550000+00:00,40.395,-126.408,10.0,5.5,mwc,"182 km W of Ferndale, California",us,Mwc,15.0,-2.8e+16,-8000000000000000.0,3.6e+16,0.0,-3.2e+16,-2e+17,93.0,81.0,-179.0
usp0007qjq,1996-09-27T13:44:46.400000+00:00,40.332,-126.953,25.0,4.0,ml,"229 km W of Ferndale, California",nc,smi:nc.anss.org/momentTensor/TDMT,8.0,-2277000000000000.0,949500000000000.0,1328000000000000.0,1029000000000000.0,-2281000000000000.0,-692100000000000.0,,,
usp0007qwc,1996-10-03T10:09:30.600000+00:00,44.179,-128.927,10.0,5.4,mwc,off the coast of Oregon,us,Mwc,15.0,-7.46e+16,-9200000000000000.0,8.38e+16,2.19e+16,-9.24e+16,-1.03e+16,181.0,20.0,-78.0
usp0007r0w,1996-10-06T20:13:09.180000+00:00,49.047,-127.88,10.0,6.2,mwc,"144 km W of Tofino, Canada",us,Mwc,15.0,-2.7e+17,-2.04e+18,2.31e+18,8e+16,4e+17,9e+16,316.0,82.0,176.0
usp0007r4h,1996-10-09T07:12:25.920000+00:00,49.737,-129.605,10.0,5.8,mwc,"203 km WSW of Port McNeill, Canada",us,Mwc,15.0,-2.1e+16,-4.09e+17,4.3e+17,1.58e+17,5e+16,2.63e+17,332.0,72.0,-176.0
usp0007sex,1996-11-04T22:54:15.910000+00:00,43.523,-127.356,10.0,5.5,mwc,"243 km W of Bandon, Oregon",us,Mwc,15.0,-3.5e+16,-1.05e+17,1.4e+17,3.2e+16,2.2e+16,-1.1e+17,295.0,76.0,-169.0
nc486680,1996-12-04T21:21:15.190000+00:00,38.7915,-122.7573333,2.041,4.34,mw,"4 km SW of Cobb, California",nc,smi:nc.anss.org/momentTensor/TMTS,3.5,-1105000000000000.0,-2130000000000000.0,3235000000000000.0,1710000000000000.0,-823800000000000.0,1999000000000000.0,,,
usp0007u3p,1996-12-08T03:48:05.810000+00:00,44.209,-129.369,10.0,5.2,mwc,off the coast of Oregon,us,Mwc,15.0,1.25e+16,-5.39e+16,4.13e+16,0.0,0.0,-4.07e+16,295.0,90.0,-180.0
nc487519,1996-12-12T18:35:49.830000+00:00,38.662,-119.5626667,-1.619,4.6,mw,"4 km SSW of Topaz Lake, Nevada",nc,smi:nc.anss.org/momentTensor/TDMT,8.0,-2448000000000000.0,-7465000000000000.0,9913000000000000.0,1543000000000000.0,2424000000000000.0,1578000000000000.0,,,
nc487645,1996-12-13T16:53:17.280000+00:00,38.6628333,-119.5415,-1.814,4.3,mw,"3 km S of Topaz Lake, Nevada",nc,smi:nc.anss.org/momentTensor/TDMT,8.0,-826800000000000.0,-3098000000000000.0,3925000000000000.0,1231000000000000.0,1237000000000000.0,444800000000000.0,,,
nc30124970,1997-01-02T22:36:09.270000+00:00,39.0165,-123.0623333,2.806,4.0,mw,"6 km NE of Hopland, California",nc,smi:nc.anss.org/momentTensor/TDMT,14.0,-156400000000000.0,-798000000000000.0,954400000000000.0,-339500000000000.0,138800000000000.0,856800000000000.0,,,
nc490257,1997-01-06T22:15:40.440000+00:00,40.777,-125.3178333,4.652,4.2,mw,"91 km WNW of Ferndale, California",nc,smi:nc.anss.org/momentTensor/TDMT,8.0,-380500000000000.0,-1240000000000000.0,1620000000000000.0,-1558000000000000.0,-493600000000000.0,171800000000000.0,,,
nc490946,1997-01-13T14:54:38.950000+00:00,40.2875,-124.3906667,20.936,4.2,mw,"32 km SW of Scotia, California",nc,smi:nc.anss.org/momentTensor/TDMT,30.0,509300000000000.0,-1452000000000000.0,943200000000000.0,431100000000000.0,-316500000000000.0,-2310000000000000.0,,,
nc492079,1997-01-22T07:17:16.810000+00:00,40.2736667,-124.3791667,23.007,5.6,mw,"33 km SW of Scotia, California",nc,smi:nc.anss.org/momentTensor/TDMT,24.0,1.309e+16,-7.072e+16,5.763e+16,6.719e+16,-7.546e+16,-3.171e+17,,,
nc492088,1997-01-22T08:00:43.400000+00:00,40.3321667,-124.6343333,22.657,4.6,mw,"41 km SW of Ferndale, California",nc,smi:nc.anss.org/momentTensor/TDMT,18.0,4761000000000000.0,-5901000000000000.0,1140000000000000.0,-5888000000000000.0,-3014000000000000.0,2560000000000000.0,,,
nc492691,1997-01-26T06:23:19.440000+00:00,40.2813333,-124.3965,21.566,5.2,mw,"33 km SW of Scotia, California",nc,smi:nc.anss.org/momentTensor/TDMT,21.0,6045000000000000.0,-1.412e+16,8073000000000000.0,1.048e+16,-2.64e+16,-6.083e+16,,,
nc500469,1997-04-05T05:57:19.840000+00:00,40.535,-124.7973333,12.704,4.2,mw,"45 km W of Ferndale, California",nc,smi:nc.anss.org/momentTensor/TDMT,8.0,-296700000000000.0,-2100000000000000.0,2397000000000000.0,354000000000000.0,-990400000000000.0,-29470000000000.0,,,
nc507195,1997-06-01T03:07:50.320000+00:00,41.0863333,-125.9361667,9.762,4.3,mw,"150 km WNW of Indianola, California",nc,smi:nc.anss.org/momentTensor/TDMT,11.0,-1759000000000000.0,-2276000000000000.0,4036000000000000.0,-1464000000000000.0,-1554000000000000.0,404600000000000.0,,,
usp000838w,1997-06-07T19:39:58.720000+00:00,40.432,-126.477,5.0,5.4,mwc,"188 km W of Ferndale, California",us,Mwc,15.0,-2.9e+16,3000000000000000.0,2.6e+16,0.0,3.9e+16,-1.11e+17,274.0,69.0,-174.0
usp00084pr,1997-07-11T02:03:49.880000+00:00,44.269,-129.36,10.0,5.4,mwc,off the coast of Oregon,us,Mwc,15.0,-1.4e+16,-1.12e+17,1.26e+17,2.5e+16,8000000000000000.0,-6.6e+16,301.0,81.0,-172.0
nc513153,1997-07-16T19:39:33.160000+00:00,40.3855,-125.0601667,6.927,4.3,mw,"70 km WSW of Ferndale, California",nc,smi:nc.anss.org/momentTensor/TDMT,11.0,-454500000000000.0,-373900000000000.0,828400000000000.0,-111400000000000.0,-1751000000000000.0,-3335000000000000.0,,,
nc513930,1997-07-23T03:18:03.740000+00:00,40.9051667,-123.372,24.542,4.0,mw,"13 km ENE of Trinity Village, California",nc,smi:nc.anss.org/momentTensor/TDMT,39.0,-864400000000000.0,93910000000000.0,770500000000000.0,-659400000000000.0,-552400000000000.0,388800000000000.0,,,
nc516026,1997-08-06T19:29:26.660000+00:00,40.7491667,-124.45,21.018,4.3,mw,"19 km WNW of Indianola, California",nc,smi:nc.anss.org/momentTensor/TDMT,24.0,359500000000000.0,-2647000000000000.0,2287000000000000.0,-1116000000000000.0,-175400000000000.0,2696000000000000.0,,,
usp00086j8,1997-08-21T16:11:24.580000+00:00,38.571,-118.503,10.0,4.5,mwr,"11 km ENE of Hawthorne, Nevada",us,Mwr,12.0,-1380000000000000.0,-2790000000000000.0,4170000000000000.0,2160000000000000.0,-4370000000000000.0,3620000000000000.0,342.0,82.0,-135.0
nc518404,1997-08-23T07:49:01.090000+00:00,40.3936667,-125.1903333,0.517,4.0,mw,"81 km WSW of Ferndale, California",nc,smi:nc.anss.org/momentTensor/TDMT,5.0,-93200000000000.0,-168600000000000.0,261800000000000.0,102900000000000.0,355400000000000.0,-1381000000000000.0,,,
usp00087rk,1997-09-20T07:10:00.560000+00:00,50.897,-130.151,10.0,5.2,mwc,"218 km W of Port McNeill, Canada",us,Mwc,15.0,-3.11e+16,-1.62e+16,4.73e+16,-2.42e+16,-1.77e+16,6.29e+16,167.0,63.0,-171.0
usp00087tw,1997-09-21T12:36:26.600000+00:00,41.605,-126.237,10.0,5.4,mwc,"169 km WSW of Brookings, Oregon",us,Mwc,15.0,1.4e+16,-1.06e+17,9.1e+16,3.8e+16,8.4e+16,4.1e+16,320.0,58.0,164.0
nc524039,1997-10-04T10:57:34.180000+00:00,41.0528333,-125.3433333,6.792,5.5,mw,"100 km WNW of Samoa, California",nc,smi:nc.anss.org/momentTensor/TDMT,8.0,-5.724e+16,-1.661e+17,2.233e+17,-8697000000000000.0,-7.197e+16,-5635000000000000.0,,,
nc524262,1997-10-06T12:00:23.600000+00:00,41.072,-125.3448333,2.052,4.3,mw,"101 km W of Trinidad, California",nc,smi:nc.anss.org/momentTensor/TDMT,24.0,902400000000000.0,-3152000000000000.0,2250000000000000.0,979200000000000.0,-1023000000000000.0,-615000000000000.0,,,
usp00088vq,1997-10-11T15:54:00.510000+00:00,44.55,-129.726,10.0,5.4,mwc,off the coast of Oregon,us,Mwc,15.0,-1.6e+16,-1.12e+17,1.28e+17,3.5e+16,0.0,-8.4e+16,207.0,77.0,-8.0
nc525428,1997-10-12T23:37:33.260000+00:00,41.1048333,-125.6305,10.242,4.6,mw,"125 km W of Trinidad, California",nc,smi:nc.anss.org/momentTensor/TDMT,21.0,1957000000000000.0,-1.016e+16,8204000000000000.0,547600000000000.0,-2695000000000000.0,-1829000000000000.0,,,
nc528522,1997-10-25T08:54:49.360000+00:00,39.6038333,-122.0625,14.739,4.0,mw,"11 km E of Artois, California",nc,smi:nc.anss.org/momentTensor/TDMT,27.0,-1073000000000000.0,-499300000000000.0,1573000000000000.0,-236300000000000.0,22740000000000.0,153000000000000.0,,,
nc528810,1997-10-26T10:44:06.410000+00:00,41.0663333,-125.3235,4.602,5.2,mw,"99 km W of Trinidad, California",nc,smi:nc.anss.org/momentTensor/TDMT,8.0,-2.535e+16,-5.826e+16,8.361e+16,-1.495e+16,-1.834e+16,2.047e+16,,,
nc531880,1997-11-05T17:49:28.280000+00:00,39.9468333,-120.866,-0.909,4.4,mw,"3 km ENE of East Quincy, California",nc,smi:nc.anss.org/momentTensor/TDMT,14.0,-226600000000000.0,-4397000000000000.0,4623000000000000.0,1279000000000000.0,232900000000000.0,-3007000000000000.0,,,
nc544051,1997-12-15T22:42:42.110000+00:00,40.3165,-124.5551667,21.296,4.2,mw,"37 km SW of Ferndale, California",nc,smi:nc.anss.org/momentTensor/TDMT,21.0,1066000000000000.0,-984500000000000.0,-81470000000000.0,-1986000000000000.0,-762200000000000.0,-820000000000000.0,,,
nc544743,1997-12-18T21:19:35.230000+00:00,40.2916667,-124.5095,4.306,4.4,ml,"37 km SSW of Ferndale, California",us,Mwr,11.0,1540000000000000.0,-4660000000000000.0,3130000000000000.0,1560000000000000.0,-3340000000000000.0,-8460000000000000.0,195.0,76.0,19.0
nc552764,1998-01-20T14:35:43.300000+00:00,40.3465,-124.8513333,5.996,4.5,mw,"55 km WSW of Ferndale, California",nc,smi:nc.anss.org/momentTensor/TDMT,8.0,-1352000000000000.0,-1675000000000000.0,3027000000000000.0,-1024000000000000.0,-2373000000000000.0,-5160000000000000.0,,,
nc557233,1998-02-17T22:08:39.360000+00:00,39.8578333,-120.511,-1.01,4.1,mw,"3 km WSW of Lake Davis, California",nc,smi:nc.anss.org/momentTensor/TDMT,8.0,-103800000000000.0,-855900000000000.0,959800000000000.0,-8990000000000.0,-365300000000000.0,-1080000000000000.0,,,
usp0008hvn,1998-03-23T02:28:10.830000+00:00,43.44,-127.088,10.0,5.2,mwc,"220 km W of Bandon, Oregon",us,Mwc,15.0,0.0,-5.51e+16,5.51e+16,-1.93e+16,2.07e+16,-5.11e+16,25.0,72.0,7.0
nc30173667,1998-05-12T16:11:38.090000+00:00,40.4221667,-125.7686667,8.062,4.18,md,"128 km W of Ferndale, California",us,Mwr,14.0,0.0,-490000000000000.0,490000000000000.0,130000000000000.0,50000000000000.0,-3450000000000000.0,274.0,89.0,-178.0
nc30179394,1998-06-14T13:29:41.780000+00:00,41.0908333,-125.3843333,4.342,4.3,mw,"104 km W of Trinidad, California",nc,smi:nc.anss.org/momentTensor/TDMT,24.0,734200000000000.0,-4061000000000000.0,3327000000000000.0,544600000000000.0,-1335000000000000.0,-512900000000000.0,,,
usp0008qgd,1998-06-25T22:51:55.550000+00:00,50.261,-130.028,10.0,5.4,mwc,"212 km W of Port McNeill, Canada",us,Mwc,15.0,-1.31e+16,-7.84e+16,9.15e+16,6.23e+16,-9800000000000000.0,5.03e+16,335.0,67.0,-161.0
nc30186109,1998-07-21T08:38:49.860000+00:00,40.6256667,-122.409,22.8,4.5,mw,"4 km NNW of Redding, California",nc,smi:nc.anss.org/momentTensor/TDMT,24.0,1700000000000000.0,-1284000000000000.0,-416300000000000.0,2698000000000000.0,4618000000000000.0,-2535000000000000.0,,,
usp0008u3n,1998-08-30T11:33:33+00:00,50.91,-130.66,10.0,6.1,mwc,"254 km W of Port McNeill, Canada",us,Mwc,15.0,-1.8e+17,-5.5e+17,7.3e+17,2.8e+17,-2.4e+17,1.36e+18,256.0,78.0,-10.0
nc30201983,1998-10-15T05:05:46.710000+00:00,40.8363333,-123.5546667,24.64,4.2,mw,"4 km SSW of Trinity Village, California",nc,smi:nc.anss.org/momentTensor/TDMT,30.0,-1565000000000000.0,532200000000000.0,1032000000000000.0,238200000000000.0,-2092000000000000.0,-1068000000000000.0,,,
nc30202875,1998-10-21T08:31:01.510000+00:00,39.7378333,-120.6495,-1.041,4.27,md,"4 km SW of Graeagle, California",us,Mwr,11.0,-40000000000000.0,0.0,40000000000000.0,60000000000000.0,560000000000000.0,-1640000000000000.0,180.0,88.0,-19.0
nc30204269,1998-10-30T09:53:31.570000+00:00,39.2843333,-120.0453333,1.258,4.8,mw,"4 km N of Tahoe Vista, California",nc,smi:nc.anss.org/momentTensor/TDMT,8.0,-7253000000000000.0,-1.106e+16,1.832e+16,1025000000000000.0,1287000000000000.0,-9809000000000000.0,,,
nc30207228,1998-11-26T19:49:53.600000+00:00,40.6261667,-122.414,24.59,5.1,mw,"7km NW of Redding, CA",nc,smi:nc.anss.org/momentTensor/TDMT,24.0,3479000000000000.0,-1.303e+16,9551000000000000.0,2.552e+16,4.849e+16,-3.166e+16,,,
nc30207272,1998-11-27T00:43:49.060000+00:00,40.6736667,-125.2921667,4.492,5.4,mw,"87 km W of Ferndale, California",nc,smi:nc.anss.org/momentTensor/TDMT,5.0,-3.544e+16,-9.374e+16,1.292e+17,-5.4e+16,-7.206e+16,-4.254e+16,,,
nc30207362,1998-11-28T04:41:15.320000+00:00,40.6168333,-122.3996667,23.489,4.19,ml,"3 km NNW of Redding, California",us,Mwr,21.0,620000000000000.0,-570000000000000.0,-40000000000000.0,790000000000000.0,2000000000000000.0,-650000000000000.0,24.0,82.0,74.0
nc30214879,1999-01-24T15:34:56.680000+00:00,39.5608333,-123.7596667,5.25,4.1,mw,near the coast of Northern California,nc,smi:nc.anss.org/momentTensor/TDMT,5.0,1327000000000000.0,-1297000000000000.0,-29760000000000.0,-221700000000000.0,195200000000000.0,683800000000000.0,,,
nc596169,1999-02-09T14:32:47.090000+00:00,40.714,-124.9985,12.411,4.1,mw,"63 km WNW of Ferndale, California",nc,smi:nc.anss.org/momentTensor/TDMT,18.0,293400000000000.0,-1643000000000000.0,1350000000000000.0,57050000000000.0,-885800000000000.0,777600000000000.0,,,
nc30217292,1999-02-15T06:00:03.950000+00:00,40.2756667,-124.4045,21.206,4.7,mw,"34 km SW of Scotia, California",nc,smi:nc.anss.org/momentTensor/TDMT,27.0,772700000000000.0,-4101000000000000.0,3329000000000000.0,1972000000000000.0,-1680000000000000.0,-1.158e+16,,,
nc30217691,1999-02-18T08:58:41.500000+00:00,38.7796667,-122.7708333,3.93,4.15,mw,"6 km SW of Cobb, California",nc,smi:nc.anss.org/momentTensor/TMTS,5.0,-1155000000000000.0,-998500000000000.0,2154000000000000.0,152900000000000.0,138200000000000.0,1334000000000000.0,,,
usp0009463,1999-03-09T17:48:42.690000+00:00,43.454,-127.074,10.0,5.2,mwc,"219 km W of Bandon, Oregon",us,Mwc,15.0,-6100000000000000.0,-5.46e+16,6.06e+16,-1.81e+16,-2.18e+16,-4.3e+16,118.0,69.0,-174.0
usp00094mk,1999-03-16T18:06:32.510000+00:00,42.095,-125.509,10.0,4.3,mwr,"94 km WSW of Pistol River, Oregon",us,Mwr,8.0,-1810000000000000.0,-460000000000000.0,2270000000000000.0,-1020000000000000.0,-1500000000000000.0,-1480000000000000.0,8.0,66.0,-51.0
nc21012633,1999-05-15T20:58:56.310000+00:00,40.4123333,-125.5371667,4.622,4.1,mw,"109 km W of Ferndale, California",nc,smi:nc.anss.org/momentTensor/TDMT,8.0,-115700000000000.0,-228200000000000.0,343800000000000.0,301400000000000.0,288100000000000.0,-1406000000000000.0,,,
usp0009axx,1999-07-02T11:45:31.290000+00:00,49.371,-129.204,10.0,6.0,mwb,"203 km SW of Port McNeill, Canada",us,Mwc,15.0,-3.7e+16,-7.1e+17,7.47e+17,4.3e+16,1.4e+17,8000000000000000.0,315.0,81.0,176.0
uw10474303,1999-07-03T01:43:54.370000+00:00,47.074,-123.4636667,40.014,5.8,md,"8 km N of Satsop, Washington",us,Mwc,45.0,-5.17e+17,-4.3e+16,5.6e+17,1.77e+17,-2.75e+17,2.1e+16,199.0,34.0,-61.0
nc21031799,1999-07-05T03:06:29.490000+00:00,40.318,-124.532,21.758,4.1,mw,"36 km SW of Ferndale, California",nc,smi:nc.anss.org/momentTensor/TDMT,21.0,1227000000000000.0,-1244000000000000.0,17210000000000.0,349200000000000.0,-863800000000000.0,335500000000000.0,,,
nc21037384,1999-07-24T00:38:41.260000+00:00,40.3856667,-125.1216667,6.237,4.6,mw,"75 km WSW of Ferndale, California",nc,smi:nc.anss.org/momentTensor/TDMT,5.0,81420000000000.0,-3301000000000000.0,3220000000000000.0,453700000000000.0,490600000000000.0,-8150000000000000.0,,,
nc21068316,1999-11-22T05:38:04.620000+00:00,40.3995,-125.1373333,5.303,4.6,mw,"76 km WSW of Ferndale, California",nc,smi:nc.anss.org/momentTensor/TDMT,8.0,-480100000000000.0,2820000000000000.0,-2340000000000000.0,2998000000000000.0,923100000000000.0,1.073e+16,,,
nc21074105,1999-12-26T19:41:53.130000+00:00,40.2725,-124.3983333,22.716,4.8,mw,"34 km SW of Scotia, California",nc,smi:nc.anss.org/momentTensor/TDMT,33.0,1983000000000000.0,-8882000000000000.0,6898000000000000.0,3480000000000000.0,-3937000000000000.0,-2.093e+16,,,
usp0009kvv,2000-01-08T02:17:31.400000+00:00,40.503,-126.497,25.0,5.4,mwr,"189 km W of Ferndale, California",us,Mwr,4.0,-8.91e+16,3.54e+16,5.37e+16,5.24e+16,-6.09e+16,-4.37e+16,320.0,66.0,-91.0
nc21076620,2000-01-10T21:41:27.150000+00:00,38.7571667,-122.9153333,6.105,4.33,mw,"5 km NNW of Geyserville, California",nc,smi:nc.anss.org/momentTensor/TMTS,5.0,-1259000000000000.0,-164400000000000.0,1424000000000000.0,750000000000000.0,-1838000000000000.0,3057000000000000.0,,,
nc21076750,2000-01-11T14:19:52.090000+00:00,38.7693333,-122.9138333,5.77,4.59,mw,"6 km N of Geyserville, California",nc,smi:nc.anss.org/momentTensor/TMTS,5.0,-3083000000000000.0,410300000000000.0,2673000000000000.0,3522000000000000.0,-4370000000000000.0,7056000000000000.0,,,
nc21077821,2000-01-16T01:51:32.620000+00:00,40.4466667,-125.7358333,4.782,4.31,mw,"125 km W of Ferndale, California",nc,smi:nc.anss.org/momentTensor/TMTS,24.0,-925700000000000.0,33290000000000.0,892400000000000.0,339100000000000.0,-953400000000000.0,-3537000000000000.0,,,
nc21078341,2000-01-18T23:26:01.320000+00:00,38.7515,-122.9135,6.85,4.2,mw,"4 km N of Geyserville, California",nc,smi:nc.anss.org/momentTensor/TMTS,8.0,-548100000000000.0,269900000000000.0,278200000000000.0,696900000000000.0,-1264000000000000.0,2008000000000000.0,,,
usp0009mdh,2000-01-20T09:41:47.340000+00:00,43.649,-127.257,10.0,6.1,mwc,"238 km WNW of Bandon, Oregon",us,Mwc,15.0,-4e+16,-1.13e+18,1.17e+18,1.5e+17,-1.1e+17,-9e+17,206.0,83.0,1.0
nc21086915,2000-03-16T15:19:56.380000+00:00,40.3886667,-125.2385,4.803,5.7,mw,"85 km WSW of Ferndale, California",nc,smi:nc.anss.org/momentTensor/TDMT,8.0,-1.822e+17,1.144e+17,6.779e+16,5.244e+16,1.267e+17,-4.339e+17,,,
usp0009s3p,2000-04-30T08:29:25+00:00,50.83,-130.65,10.0,5.2,mwc,"253 km W of Port McNeill, Canada",us,Mwc,15.0,-1.45e+16,-3.71e+16,5.16e+16,1.61e+16,-1.96e+16,6.54e+16,251.0,72.0,-10.0
usp0009s3w,2000-04-30T10:13:02.890000+00:00,51.011,-130.381,10.0,5.5,mwc,"236 km W of Port McNeill, Canada",us,Mwc,15.0,-2.6e+16,-8.8e+16,1.14e+17,4.9e+16,-1.1e+16,1.91e+17,347.0,77.0,-172.0
nc21096137,2000-05-08T09:12:34.540000+00:00,40.3283333,-124.6921667,3.62,4.5,mw,"45 km SW of Ferndale, California",nc,smi:nc.anss.org/momentTensor/TDMT,11.0,2075000000000000.0,-2863000000000000.0,788400000000000.0,1786000000000000.0,-2709000000000000.0,-5280000000000000.0,,,
usp0009szp,2000-05-15T05:58:13+00:00,49.99,-130.14,10.0,5.2,mwc,"227 km WSW of Port McNeill, Canada",us,Mwc,15.0,-7600000000000000.0,-7.06e+16,7.82e+16,2.47e+16,2.38e+16,-1.1e+16,312.0,65.0,-175.0
usp0009szt,2000-05-15T07:11:42+00:00,49.94,-130.33,10.0,5.5,mwc,"242 km WSW of Port McNeill, Canada",us,Mwc,15.0,-2.7e+16,-1.15e+17,1.42e+17,4.6e+16,6000000000000000.0,1.21e+17,337.0,75.0,-173.0
nc21098249,2000-05-17T22:32:07.660000+00:00,39.392,-123.0678333,6.7,4.39,mw,"8 km NNE of Potter Valley, California",nc,smi:nc.anss.org/momentTensor/TMTS,3.5,192900000000000.0,-4362000000000000.0,4169000000000000.0,-244300000000000.0,-948400000000000.0,1726000000000000.0,,,
usp0009ttw,2000-06-02T11:13:49.380000+00:00,44.513,-130.081,10.0,6.2,mwc,off the coast of Oregon,us,Mwc,15.0,-5.3e+17,-1.62e+18,2.16e+18,7e+17,-3.1e+17,-1.34e+18,207.0,70.0,-7.0
nc21119756,2000-08-13T18:17:48.770000+00:00,40.3668333,-124.4711667,17.435,4.1,mw,"29 km SW of Ferndale, California",nc,smi:nc.anss.org/momentTensor/TDMT,8.0,1258000000000000.0,-1460000000000000.0,202400000000000.0,-76260000000000.0,-434900000000000.0,-580500000000000.0,,,
nc21126486,2000-09-22T10:50:27.350000+00:00,40.8538333,-124.4508333,12.955,4.38,ml,"22 km W of Samoa, California",us,Mwr,24.0,-450000000000000.0,-3820000000000000.0,4270000000000000.0,-1980000000000000.0,-380000000000000.0,3100000000000000.0,62.0,83.0,-21.0
nc21127030,2000-09-26T07:20:29.590000+00:00,38.6603333,-119.5548333,5.525,4.4,mw,"4 km SSW of Topaz Lake, Nevada",nc,smi:nc.anss.org/momentTensor/TDMT,8.0,-1887000000000000.0,-3377000000000000.0,5264000000000000.0,-2023000000000000.0,3161000000000000.0,425400000000000.0,,,
nc21136858,2000-12-02T15:34:16.320000+00:00,39.3578333,-120.4735,4.839,4.4,mw,"5 km NW of Kingvale, California",nc,smi:nc.anss.org/momentTensor/TDMT,14.0,-910900000000000.0,-2311000000000000.0,3222000000000000.0,2807000000000000.0,305400000000000.0,3791000000000000.0,,,
nc21137862,2000-12-08T07:41:11.460000+00:00,38.7823333,-122.7668333,3.461,4.37,mw,"5 km SW of Cobb, California",nc,smi:nc.anss.org/momentTensor/TMTS,3.5,-1694000000000000.0,-2690000000000000.0,4383000000000000.0,618600000000000.0,-1630000000000000.0,1983000000000000.0,,,
nc21139826,2000-12-20T23:22:54.400000+00:00,40.9878333,-121.6898333,18.229,4.3,mw,"11 km NNW of Burney, California",nc,smi:nc.anss.org/momentTensor/TDMT,5.0,-3286000000000000.0,-302600000000000.0,3589000000000000.0,332200000000000.0,1632000000000000.0,-1707000000000000.0,,,
nc21139833,2000-12-20T23:39:14.800000+00:00,40.9885,-121.6935,17.109,4.4,mw,"12 km NNW of Burney, California",nc,smi:nc.anss.org/momentTensor/TDMT,5.0,-4008000000000000.0,484400000000000.0,3524000000000000.0,813700000000000.0,1649000000000000.0,-2609000000000000.0,,,
nc21140955,2000-12-27T13:15:11.220000+00:00,40.466,-124.4601667,28.026,4.1,mw,"20 km SW of Ferndale, California",nc,smi:nc.anss.org/momentTensor/TDMT,33.0,104700000000000.0,-1076000000000000.0,971400000000000.0,-737400000000000.0,-752900000000000.0,89160000000000.0,,,
usp000a7fx,2001-01-11T00:04:03+00:00,48.89,-129.31,10.0,6.0,mwc,"247 km SW of Port McNeill, Canada",us,Mwc,24.0,-6e+16,-1.15e+18,1.22e+18,7e+16,0.0,-4e+17,216.0,87.0,-2.0
nc21143130,2001-01-11T18:10:40.840000+00:00,40.6346667,-124.1745,22.0,4.2,mw,"4 km NNW of Fortuna, California",nc,smi:nc.anss.org/momentTensor/TDMT,24.0,-555700000000000.0,-1618000000000000.0,2174000000000000.0,548300000000000.0,-731900000000000.0,-714800000000000.0,,,
nc21143281,2001-01-13T13:08:42.100000+00:00,40.7556667,-125.2445,2.243,5.4,mw,off the coast of Northern California,nc,smi:nc.anss.org/momentTensor/TDMT,14.0,1.664e+16,-1.372e+17,1.206e+17,-2.417e+16,-2.635e+16,-4.227e+16,,,
usp000a80q,2001-01-20T00:14:23+00:00,50.49,-130.35,10.0,5.4,mwc,"231 km W of Port McNeill, Canada",us,Mwc,15.0,3000000000000000.0,-5.8e+16,5.5e+16,4.4e+16,-6.6e+16,1.09e+17,254.0,60.0,-6.0
usp000a878,2001-01-23T09:39:25+00:00,49.33,-128.79,10.0,5.9,mwb,"185 km SW of Port McNeill, Canada",us,Mwc,15.0,-4.4e+16,-1.71e+17,2.16e+17,-2000000000000000.0,-2.5e+16,-1.86e+17,113.0,85.0,180.0
usp000a881,2001-01-23T14:43:12+00:00,49.17,-129.1,10.0,5.4,mwc,"214 km SW of Port McNeill, Canada",us,Mwc,15.0,-8000000000000000.0,-1.26e+17,1.34e+17,7000000000000000.0,9000000000000000.0,-6.2e+16,302.0,85.0,-179.0
nc21145960,2001-02-02T23:03:11.620000+00:00,39.7303333,-122.8288333,6.078,4.2,mw,"28 km WNW of Elk Creek, California",nc,smi:nc.anss.org/momentTensor/TMTS,5.0,-2531000000000000.0,190600000000000.0,2340000000000000.0,28150000000000.0,-230300000000000.0,457300000000000.0,,,
uw10530748,2001-02-28T18:54:32.830000+00:00,47.149,-122.7266667,51.798,6.8,md,"The 2001 Nisqually, Washington Earthquake",us,Mww,50.5,-9.987e+18,2.912e+17,9.696e+18,1.934e+17,-1.492e+19,3.617e+17,359.0,73.0,268.0
nc21152690,2001-03-11T10:11:07.440000+00:00,39.4898333,-122.9465,15.423,4.1,mw,"23 km NE of Potter Valley, California",nc,smi:nc.anss.org/momentTensor/TDMT,18.0,-232100000000000.0,-1165000000000000.0,1397000000000000.0,322600000000000.0,108900000000000.0,1320000000000000.0,,,
nc21159189,2001-04-20T05:19:52.330000+00:00,40.687,-125.2995,7.494,4.3,mw,"88 km W of Ferndale, California",nc,smi:nc.anss.org/momentTensor/TDMT,11.0,142200000000000.0,-3859000000000000.0,3717000000000000.0,-105800000000000.0,-361600000000000.0,-386400000000000.0,,,
usp000ae9y,2001-05-02T02:05:46+00:00,49.91,-130.15,10.0,5.3,mwc,"231 km WSW of Port McNeill, Canada",us,Mwc,15.0,-1.64e+16,-8.02e+16,9.66e+16,-2.28e+16,3.16e+16,2.42e+16,52.0,66.0,-5.0
nc21188442,2001-08-10T20:19:27.060000+00:00,39.8111667,-120.6166667,5.011,5.2,mw,"3 km N of Blairsden, California",nc,smi:nc.anss.org/momentTensor/TDMT,24.0,4467000000000000.0,-6.263e+16,5.816e+16,1.527e+16,2148000000000000.0,2.496e+16,,,
usp000ap2m,2001-09-12T22:24:54+00:00,48.72,-128.64,10.0,5.3,mwc,"205 km WSW of Tofino, Canada",us,Mwc,15.0,-8.79e+16,2.92e+16,5.87e+16,-5200000000000000.0,-6100000000000000.0,-3.67e+16,141.0,44.0,-97.0
usp000ap3g,2001-09-13T09:56:58+00:00,48.79,-128.62,10.0,5.1,mwc,"202 km WSW of Tofino, Canada",us,Mwc,15.0,-4.93e+16,-2500000000000000.0,5.17e+16,7100000000000000.0,3.01e+16,-800000000000000.0,351.0,30.0,-103.0
usp000ap50,2001-09-14T04:45:08+00:00,48.69,-128.71,10.0,6.0,mwc,"211 km WSW of Tofino, Canada",us,Mwc,15.0,-1.61e+17,-7.58e+17,9.19e+17,9.5e+16,7000000000000000.0,4.69e+17,330.0,84.0,-176.0
usp000ap7j,2001-09-15T10:50:39+00:00,48.56,-128.56,10.0,5.5,mwc,"205 km WSW of Tofino, Canada",us,Mwc,15.0,1.5e+16,-1.79e+17,1.64e+17,7.1e+16,8.4e+16,9.1e+16,327.0,63.0,171.0
usp000apan,2001-09-16T23:20:09+00:00,48.54,-128.6,10.0,5.8,mwb,"209 km WSW of Tofino, Canada",us,Mwc,15.0,7000000000000000.0,-3.15e+17,3.08e+17,5000000000000000.0,1.2e+16,4.1e+16,319.0,88.0,179.0
nc21194739,2001-09-20T08:02:23.270000+00:00,40.3565,-125.4938333,22.362,4.65,md,"107 km WSW of Ferndale, California",us,Mwr,8.0,-1500000000000000.0,-6200000000000000.0,7600000000000000.0,-7200000000000000.0,-4000000000000000.0,-4.33e+16,95.0,84.0,-171.0
usp000atr2,2001-11-30T07:46:58.300000+00:00,40.488,-126.828,4.0,5.3,mwc,"217 km W of Ferndale, California",us,Mwc,15.0,-2.12e+16,2.22e+16,-1000000000000000.0,-2.58e+16,-1.84e+16,-8.23e+16,353.0,70.0,-16.0
nc21205837,2001-12-07T14:29:08.480000+00:00,39.0431667,-123.1165,6.247,4.2,mw,"7 km N of Hopland, California",nc,smi:nc.anss.org/momentTensor/TDMT,8.0,143400000000000.0,-2732000000000000.0,2589000000000000.0,351400000000000.0,479300000000000.0,1149000000000000.0,,,
nc21205975,2001-12-14T09:41:05.860000+00:00,39.0465,-123.1208333,6.008,4.3,mw,"8 km N of Hopland, California",nc,smi:nc.anss.org/momentTensor/TDMT,11.0,-423300000000000.0,-3438000000000000.0,3861000000000000.0,499600000000000.0,488800000000000.0,1066000000000000.0,,,
nc21223451,2002-04-29T00:43:29.770000+00:00,40.6021667,-124.4496667,28.697,4.6,mw,"15 km W of Ferndale, California",nc,smi:nc.anss.org/momentTensor/TDMT,27.0,-126500000000000.0,-4540000000000000.0,4666000000000000.0,-2939000000000000.0,-986500000000000.0,8063000000000000.0,,,
nc21224315,2002-05-04T13:56:32.990000+00:00,40.3126667,-124.5416667,6.075,4.4,mw,"37 km SW of Ferndale, California",nc,smi:nc.anss.org/momentTensor/TDMT,5.0,-207000000000000.0,1111000000000000.0,-903600000000000.0,-404800000000000.0,-688600000000000.0,-4389000000000000.0,,,
usp000b4bp,2002-05-15T07:06:20.450000+00:00,43.41,-127.076,10.0,5.4,mwc,"218 km W of Bandon, Oregon",us,Mwc,15.0,-1.57e+16,-8.05e+16,9.62e+16,-3.53e+16,-7600000000000000.0,-7.2e+16,24.0,75.0,-12.0
uw10555268,2002-05-15T17:54:48.600000+00:00,42.2313333,-121.9011667,6.309,4.3,md,"9 km W of Klamath Falls, Oregon",us,Mwr,8.0,-1120000000000000.0,210000000000000.0,910000000000000.0,20000000000000.0,-1450000000000000.0,-740000000000000.0,351.0,71.0,-71.0
nc21231051,2002-06-17T16:55:07.680000+00:00,40.8098333,-124.552,17.195,5.2,mw,"29 km WNW of Fields Landing, California",nc,smi:nc.anss.org/momentTensor/TDMT,21.0,1.118e+16,-8.441e+16,7.324e+16,-1.594e+16,-1.098e+16,3.835e+16,,,
usp000b7tv,2002-07-09T18:40:35.630000+00:00,43.519,-127.169,10.0,5.9,mwb,"228 km W of Bandon, Oregon",us,Mwc,15.0,5000000000000000.0,-4.41e+17,4.36e+17,1.1e+16,-1.57e+17,-3.55e+17,115.0,77.0,173.0
usp000bae8,2002-08-22T19:24:12.710000+00:00,43.921,-128.366,10.0,5.1,mwc,off the coast of Oregon,us,Mwc,15.0,-4.09e+16,-9700000000000000.0,5.07e+16,1800000000000000.0,-2.21e+16,-2900000000000000.0,179.0,32.0,-88.0
usp000bb3y,2002-09-02T13:39:18.220000+00:00,43.916,-128.243,19.1,5.7,mwb,off the coast of Oregon,us,Mwc,15.0,-1.44e+17,-1000000000000000.0,1.45e+17,-8.3e+16,-7.8e+16,5.3e+16,180.0,31.0,-121.0
usp000bkmg,2002-12-13T15:51:31+00:00,50.17,-130.29,10.0,5.4,mwc,"232 km WSW of Port McNeill, Canada",us,Mwc,15.0,-2.8e+16,-3.1e+16,5.8e+16,-5000000000000000.0,-2000000000000000.0,1.33e+17,171.0,88.0,-180.0
nc21262804,2003-01-08T05:43:44.890000+00:00,40.3908333,-125.0868333,7.347,4.6,mw,"72 km WSW of Ferndale, California",nc,smi:nc.anss.org/momentTensor/TDMT,8.0,-423100000000000.0,-3051000000000000.0,3474000000000000.0,-578900000000000.0,155600000000000.0,-7922000000000000.0,,,
usp000bnkx,2003-01-16T00:53:15.720000+00:00,44.284,-129.024,10.0,6.3,mwb,off the coast of Oregon,us,Mwc,15.0,-4.5e+17,-1.64e+18,2.08e+18,9.7e+17,7e+17,-1.34e+18,300.0,65.0,-165.0
usp000bnmd,2003-01-16T02:25:05.070000+00:00,44.281,-129.351,10.0,5.7,mwc,off the coast of Oregon,us,Mwc,15.0,-1.01e+17,-2.29e+17,3.3e+17,6e+16,1.34e+17,-2.6e+17,295.0,67.0,-172.0
usp000bnms,2003-01-16T05:03:29.390000+00:00,44.149,-129.183,10.0,5.5,mwc,off the coast of Oregon,us,Mwc,15.0,-1.82e+17,0.0,1.82e+17,-5000000000000000.0,3.7e+16,-3.6e+16,348.0,39.0,-91.0
usp000bnn2,2003-01-16T06:52:04.440000+00:00,44.168,-128.934,10.0,5.2,mwc,off the coast of Oregon,us,Mwc,15.0,-4.5e+16,-200000000000000.0,4.52e+16,2.04e+16,5.89e+16,-9100000000000000.0,331.0,22.0,-128.0
nc21268177,2003-02-18T14:44:26.060000+00:00,41.1231667,-125.0198333,2.034,4.2,mw,"74 km W of Trinidad, California",nc,smi:nc.anss.org/momentTensor/TDMT,11.0,-234100000000000.0,-2069000000000000.0,2304000000000000.0,-500400000000000.0,245800000000000.0,-200000000000000.0,,,
usp000bs5j,2003-03-07T22:11:28.260000+00:00,43.526,-127.122,10.0,5.2,mwc,"224 km W of Bandon, Oregon",us,Mwc,15.0,-7800000000000000.0,-4.92e+16,5.7e+16,-1.01e+16,-3.27e+16,-4.74e+16,114.0,64.0,-179.0
nc21276828,2003-04-22T10:46:09.550000+00:00,40.5881667,-124.0748333,26.702,4.3,mw,"4 km NNE of Hydesville, California",nc,smi:nc.anss.org/momentTensor/TDMT,33.0,-175200000000000.0,-3602000000000000.0,3777000000000000.0,-1379000000000000.0,-1362000000000000.0,-288000000000000.0,,,
nc30225804,2003-05-20T16:50:41.700000+00:00,38.8011667,-122.8033333,-0.125,4.05,mw,"7 km WSW of Cobb, California",nc,smi:nc.anss.org/momentTensor/TMTS,1.5,-414200000000000.0,-606800000000000.0,1021000000000000.0,397900000000000.0,-925500000000000.0,670700000000000.0,,,
usp000c0z0,2003-06-26T03:39:35.530000+00:00,40.419,-126.508,3.4,4.3,mb,"191 km W of Ferndale, California",nc,smi:nc.anss.org/momentTensor/TDMT,21.0,-2039000000000000.0,1800000000000000.0,238900000000000.0,3297000000000000.0,-1020000000000000.0,-9421000000000000.0,,,
nc21291019,2003-07-04T20:52:57.770000+00:00,40.3238333,-124.584,23.594,4.3,mw,"39 km SW of Ferndale, California",nc,smi:nc.anss.org/momentTensor/TDMT,24.0,35320000000000.0,-931400000000000.0,896100000000000.0,585000000000000.0,-912200000000000.0,-3746000000000000.0,,,
nc30226086,2003-07-30T04:50:06.360000+00:00,38.6806667,-122.9098333,4.868,4.0,mw,"3 km SSW of Geyserville, California",nc,smi:nc.anss.org/momentTensor/TDMT,11.0,-149900000000000.0,-1081000000000000.0,1231000000000000.0,127700000000000.0,-137800000000000.0,-75180000000000.0,,,
usp000c3zp,2003-08-03T12:00:52.830000+00:00,38.798,-122.768,1.7,4.2,mwr,"4 km SW of Cobb, California",nc,smi:nc.anss.org/momentTensor/TMTS,1.5,-58800000000000.0,-1026000000000000.0,1085000000000000.0,-33810000000000.0,141700000000000.0,1321000000000000.0,,,
nc21299771,2003-08-15T09:22:15.650000+00:00,40.9786667,-125.3573333,8.142,5.0,mw,"100 km WNW of Indianola, California",nc,smi:nc.anss.org/momentTensor/TDMT,14.0,2069000000000000.0,-4.526e+16,4.32e+16,-1405000000000000.0,-9246000000000000.0,42060000000000.0,,,
nc21302742,2003-08-26T02:29:55.750000+00:00,40.437,-124.6393333,19.629,4.4,mw,"35 km WSW of Ferndale, California",nc,smi:nc.anss.org/momentTensor/TDMT,24.0,96870000000000.0,-4112000000000000.0,4015000000000000.0,-142400000000000.0,-838500000000000.0,-916000000000000.0,,,
nc21306673,2003-09-10T21:19:24.490000+00:00,40.4483333,-125.6465,4.642,4.2,mw,"118 km W of Ferndale, California",nc,smi:nc.anss.org/momentTensor/TDMT,5.0,76240000000000.0,-161100000000000.0,84900000000000.0,-165100000000000.0,-1573000000000000.0,-1431000000000000.0,,,
nc30226367,2003-10-03T16:56:34.810000+00:00,38.8393333,-122.8095,0.778,4.13,mw,"7 km WNW of Cobb, California",nc,smi:nc.anss.org/momentTensor/TMTS,1.5,-819900000000000.0,-177400000000000.0,997400000000000.0,-1160000000000000.0,-362800000000000.0,1216000000000000.0,,,
nc21311731,2003-10-09T06:11:35.050000+00:00,41.0676667,-125.1353333,6.354,4.5,mw,"83 km W of Trinidad, California",nc,smi:nc.anss.org/momentTensor/TDMT,8.0,-770200000000000.0,-4748000000000000.0,5518000000000000.0,-3069000000000000.0,2335000000000000.0,924500000000000.0,,,
usp000cfhy,2003-12-19T05:32:52+00:00,48.85,-129.19,10.0,5.4,mwc,"242 km W of Tofino, Canada",us,Mwc,15.0,-6000000000000000.0,-1.05e+17,1.11e+17,1000000000000000.0,-2.5e+16,-3.8e+16,125.0,81.0,174.0
usp000cg8w,2003-12-27T15:23:15.610000+00:00,43.519,-127.347,10.0,5.3,mwc,"242 km W of Bandon, Oregon",us,Mwc,15.0,-7000000000000000.0,-7.4e+16,8.1e+16,4000000000000000.0,-2e+16,-6.3e+16,115.0,81.0,174.0
usp000cjnd,2004-01-25T15:12:23+00:00,49.1,-128.06,10.0,5.4,mwc,"157 km W of Tofino, Canada",us,Mwc,12.0,-1e+16,-9e+16,1e+17,-7.4e+16,-7.2e+16,4.4e+16,146.0,45.0,-178.0
nc21344222,2004-02-18T20:37:46.420000+00:00,38.8366667,-122.7671667,2.551,4.58,mw,"4 km WNW of Cobb, California",nc,smi:nc.anss.org/momentTensor/TMTS,3.5,-5541000000000000.0,1144000000000000.0,4397000000000000.0,6084000000000000.0,4326000000000000.0,2518000000000000.0,,,
usp000cnk0,2004-02-28T01:57:41+00:00,50.945,-130.644,10.0,4.7,mwc,"254 km W of Port McNeill, Canada",us,Mwc,12.0,1600000000000000.0,-7900000000000000.0,6200000000000000.0,-1600000000000000.0,-4000000000000000.0,6800000000000000.0,250.0,73.0,18.0
usp000cnk1,2004-02-28T02:00:43+00:00,50.933,-130.63,10.0,4.7,mwc,"252 km W of Port McNeill, Canada",us,Mwc,12.0,100000000000000.0,-7100000000000000.0,7000000000000000.0,-4300000000000000.0,-2600000000000000.0,6400000000000000.0,155.0,62.0,178.0
usp000cnk4,2004-02-28T02:05:17+00:00,50.96,-130.65,10.0,4.8,mwc,"254 km W of Port McNeill, Canada",us,Mwc,12.0,1900000000000000.0,-1.17e+16,9800000000000000.0,-3800000000000000.0,-1.38e+16,1.23e+16,255.0,60.0,17.0
nc21368407,2004-06-03T08:54:46.230000+00:00,39.3335,-120.0083333,2.991,4.2,mw,"6 km S of Floriston, California",nc,smi:nc.anss.org/momentTensor/TDMT,8.0,-1684000000000000.0,-143900000000000.0,1828000000000000.0,-276800000000000.0,-717500000000000.0,-1164000000000000.0,,,
usp000cyg8,2004-06-22T05:41:35.560000+00:00,41.307,-127.28,10.0,4.8,mwr,"261 km WSW of Crescent City, California",us,Mwr,36.0,-4000000000000000.0,-2200000000000000.0,6200000000000000.0,-4600000000000000.0,-1.57e+16,-2500000000000000.0,15.0,83.0,-76.0
usp000cyga,2004-06-22T05:59:15.860000+00:00,41.417,-127.119,10.0,4.9,mwr,"245 km WSW of Pistol River, Oregon",us,Mwr,27.0,-4400000000000000.0,-2100000000000000.0,6600000000000000.0,-5300000000000000.0,-2.06e+16,-2700000000000000.0,13.0,84.0,-79.0
uw10616293,2004-06-30T12:21:45.400000+00:00,42.0793333,-120.2375,9.305,4.4,md,"10 km NNE of New Pine Creek, Oregon",us,Mwr,5.0,-8450000000000000.0,-1370000000000000.0,9820000000000000.0,-3440000000000000.0,4540000000000000.0,1250000000000000.0,165.0,61.0,-114.0
uw10609208,2004-07-12T16:45:00.780000+00:00,44.3338333,-124.4888333,28.75,4.9,md,"30 km W of Yachats, Oregon",us,Mwc,20.0,1.96e+16,500000000000000.0,-2.01e+16,2500000000000000.0,-1.65e+16,-4000000000000000.0,23.0,27.0,112.0
usp000d07f,2004-07-15T12:06:52.400000+00:00,49.695,-126.855,18.7,5.9,mwb,"51 km SW of Vernon, Canada",us,Mwc,18.7,-2.7e+16,-1.5e+17,1.77e+17,1.46e+17,-2.94e+17,3.11e+17,253.0,48.0,-6.0
usp000d0fx,2004-07-19T08:01:49.460000+00:00,49.623,-126.967,23.7,6.4,mwb,"62 km SW of Vernon, Canada",us,Mwc,24.8,-6.5e+17,-1.43e+18,2.08e+18,1.26e+18,-1.86e+18,2.74e+18,250.0,57.0,-13.0
uw10614338,2004-07-22T20:26:26.980000+00:00,42.0905,-120.2401667,-0.455,4.3,md,Oregon,us,Mwr,8.0,-6020000000000000.0,-720000000000000.0,6750000000000000.0,-820000000000000.0,4770000000000000.0,980000000000000.0,176.0,64.0,-101.0
nc21386701,2004-08-07T07:32:07.640000+00:00,40.3105,-124.5731667,19.067,4.1,mw,"39 km SW of Ferndale, California",nc,smi:nc.anss.org/momentTensor/TMTS,24.0,37000000000000.0,-221300000000000.0,184300000000000.0,54800000000000.0,-280800000000000.0,-1727000000000000.0,,,
uw10611773,2004-08-16T21:05:53.790000+00:00,46.6728333,-121.473,-1.104,4.01,md,"16 km ENE of Packwood, Washington",us,Mwr,11.0,360000000000000.0,-1110000000000000.0,760000000000000.0,-100000000000000.0,590000000000000.0,340000000000000.0,320.0,73.0,148.0
uw10613523,2004-08-19T06:06:03.630000+00:00,44.6645,-124.3003333,27.274,4.7,md,"19 km W of Newport, Oregon",us,Mwr,24.0,120000000000000.0,5250000000000000.0,-5370000000000000.0,780000000000000.0,-880000000000000.0,-5810000000000000.0,159.0,87.0,8.0
nc21407023,2004-10-12T00:53:51.830000+00:00,41.5163333,-125.7731667,4.187,4.4,mw,"133 km WSW of Crescent City, California",nc,smi:nc.anss.org/momentTensor/TMTS,8.0,-2746000000000000.0,-1951000000000000.0,4697000000000000.0,-1189000000000000.0,-2316000000000000.0,-1653000000000000.0,,,
usp000d78j,2004-10-28T15:46:39.860000+00:00,49.751,-129.32,10.0,4.8,mwr,"184 km WSW of Port McNeill, Canada",us,Mwr,9.0,100000000000000.0,-1.46e+16,1.45e+16,2100000000000000.0,-3500000000000000.0,5700000000000000.0,236.0,75.0,1.0
usp000d7h2,2004-11-02T09:30:47.320000+00:00,49.4,-128.652,10.0,5.1,mwc,"173 km SW of Port McNeill, Canada",us,Mwc,17.9,-3400000000000000.0,-4.94e+16,5.28e+16,7500000000000000.0,6400000000000000.0,-1.57e+16,307.0,80.0,-177.0
usp000d7h4,2004-11-02T10:02:12.820000+00:00,49.277,-128.772,10.0,6.7,mwb,"189 km SW of Port McNeill, Canada",us,Mww,11.5,-4.869e+17,-7.933e+18,8.42e+18,3.526e+17,4.393e+18,-6.145e+17,44.0,77.0,19.0
usp000d7he,2004-11-02T11:47:11.730000+00:00,49.201,-128.973,10.0,5.2,mwr,"205 km SW of Port McNeill, Canada",us,Mwr,9.0,-1.38e+16,-5.15e+16,6.54e+16,7300000000000000.0,-3.13e+16,-3.14e+16,212.0,78.0,14.0
usp000d7hp,2004-11-02T13:11:05.130000+00:00,49.259,-128.98,10.0,5.2,mwr,"201 km SW of Port McNeill, Canada",us,Mwr,9.0,1.47e+16,-6.29e+16,4.82e+16,1000000000000000.0,-5.96e+16,-8500000000000000.0,226.0,68.0,31.0
usp000d7hs,2004-11-02T14:03:44.140000+00:00,49.237,-129.051,10.0,5.1,mwc,"206 km SW of Port McNeill, Canada",us,Mwc,19.7,-5800000000000000.0,-3.76e+16,4.34e+16,-5400000000000000.0,1.15e+16,-1.08e+16,38.0,76.0,4.0
usp000d7hv,2004-11-02T15:08:34.080000+00:00,49.515,-128.715,10.0,4.9,mwr,"167 km SW of Port McNeill, Canada",us,Mwr,9.0,-6800000000000000.0,-2.07e+16,2.75e+16,1.21e+16,8400000000000000.0,1400000000000000.0,320.0,57.0,-167.0
usp000d7j5,2004-11-02T17:23:42+00:00,49.572,-128.589,10.0,5.2,mwc,"156 km SW of Port McNeill, Canada",us,Mwc,16.8,-8000000000000000.0,-7.2e+16,8e+16,-7000000000000000.0,2.3e+16,-1.2e+16,42.0,77.0,7.0
usp000d7md,2004-11-03T12:30:13.630000+00:00,49.608,-128.901,10.0,4.3,mwr,"169 km SW of Port McNeill, Canada",us,Mwr,3.0,510000000000000.0,-1660000000000000.0,1140000000000000.0,-750000000000000.0,-600000000000000.0,-2030000000000000.0,109.0,74.0,-174.0
usp000d7mf,2004-11-03T12:50:20.640000+00:00,49.535,-128.368,10.0,4.2,mwr,"148 km SW of Port McNeill, Canada",us,Mwr,6.0,-520000000000000.0,-1310000000000000.0,1830000000000000.0,-1270000000000000.0,-600000000000000.0,-950000000000000.0,125.0,61.0,-158.0
usp000d7nd,2004-11-04T00:04:01.840000+00:00,49.625,-128.337,10.0,4.7,mwr,"139 km SW of Port McNeill, Canada",us,Mwr,6.0,-3310000000000000.0,-3190000000000000.0,6490000000000000.0,840000000000000.0,-4950000000000000.0,-7990000000000000.0,105.0,61.0,-175.0
usp000d7t1,2004-11-06T06:55:47.110000+00:00,49.614,-128.496,10.0,4.2,mwr,"148 km SW of Port McNeill, Canada",us,Mwr,6.0,-590000000000000.0,-1780000000000000.0,2370000000000000.0,660000000000000.0,-940000000000000.0,390000000000000.0,324.0,82.0,-149.0
usp000d82n,2004-11-10T06:28:19.200000+00:00,49.282,-128.961,10.0,4.4,mwr,"Vancouver Island, Canada region",us,Mwr,9.0,560000000000000.0,-5070000000000000.0,4510000000000000.0,1330000000000000.0,-1590000000000000.0,-170000000000000.0,225.0,66.0,5.0
usp000d8hs,2004-11-15T17:45:36.980000+00:00,50.569,-130.199,10.0,4.7,mwr,"220 km W of Port McNeill, Canada",us,Mwr,12.0,1300000000000000.0,-1.1e+16,9700000000000000.0,1800000000000000.0,-1500000000000000.0,1000000000000000.0,138.0,89.0,167.0
usp000d8hv,2004-11-15T17:51:55.990000+00:00,50.477,-130.201,10.0,5.0,mwr,"221 km W of Port McNeill, Canada",us,Mwr,9.0,-7400000000000000.0,-3.01e+16,3.75e+16,4700000000000000.0,-8100000000000000.0,4600000000000000.0,320.0,88.0,-164.0
usp000d8hw,2004-11-15T17:57:29.220000+00:00,50.691,-129.853,10.0,4.4,mwr,"196 km W of Port McNeill, Canada",us,Mwr,12.0,-430000000000000.0,-4420000000000000.0,4850000000000000.0,770000000000000.0,-260000000000000.0,470000000000000.0,318.0,84.0,-171.0
nc21425113,2004-12-05T01:48:04.750000+00:00,40.7388333,-123.8153333,27.983,4.3,mw,"21 km SE of Blue Lake, California",nc,smi:nc.anss.org/momentTensor/TMTS,30.0,-3442000000000000.0,13080000000000.0,3429000000000000.0,590400000000000.0,6780000000000.0,-702900000000000.0,,,
nc21426829,2004-12-12T09:13:33.570000+00:00,40.6965,-123.8673333,27.519,4.42,mw,"22 km SE of Indianola, California",nc,smi:nc.anss.org/momentTensor/TMTS,27.0,-547900000000000.0,-4295000000000000.0,4843000000000000.0,-2112000000000000.0,1203000000000000.0,1494000000000000.0,,,
usp000db7s,2004-12-22T20:47:27.290000+00:00,42.479,-126.768,10.0,5.1,mwc,"188 km W of Port Orford, Oregon",us,Mwc,12.0,-5.48e+16,6400000000000000.0,4.84e+16,7800000000000000.0,2200000000000000.0,1.56e+16,12.0,43.0,-100.0
nc21430438,2004-12-27T10:36:22.970000+00:00,38.7491667,-122.7263333,2.891,4.31,mw,"8 km S of Cobb, California",nc,smi:nc.anss.org/momentTensor/TMTS,3.5,-2163000000000000.0,2970000000000000.0,-806300000000000.0,-2243000000000000.0,1029000000000000.0,139800000000000.0,,,
usp000dff1,2005-02-03T15:36:08.550000+00:00,50.275,-129.833,10.0,5.0,mwr,"198 km W of Port McNeill, Canada",us,Mwr,9.0,-9600000000000000.0,-2.61e+16,3.57e+16,1.25e+16,-2.31e+16,5200000000000000.0,326.0,83.0,-137.0
usp000dh64,2005-02-28T12:49:21+00:00,47.96,-129.04,10.0,5.0,mwc,"266 km WSW of Tofino, Canada",us,Mwc,12.0,400000000000000.0,-2600000000000000.0,2200000000000000.0,1.29e+16,-1.3e+16,3.51e+16,266.0,73.0,-16.0
usp000dh69,2005-02-28T13:23:46+00:00,47.98,-128.96,10.0,4.6,mb,"260 km WSW of Tofino, Canada",us,Mwr,6.0,-6900000000000000.0,-7800000000000000.0,1.47e+16,7400000000000000.0,6200000000000000.0,-1600000000000000.0,212.0,72.0,-46.0
usp000dh6d,2005-02-28T13:50:22+00:00,47.99,-128.97,10.0,4.9,mwc,"260 km WSW of Tofino, Canada",us,Mwc,12.0,-2800000000000000.0,1.3e+16,-1.02e+16,-2600000000000000.0,-3500000000000000.0,3.1e+16,280.0,84.0,2.0
usp000dh83,2005-03-01T00:32:21+00:00,47.96,-129.1,10.0,5.0,mwc,"270 km WSW of Tofino, Canada",us,Mwc,12.0,-2600000000000000.0,-1.17e+16,1.43e+16,5900000000000000.0,-7600000000000000.0,4.05e+16,260.0,79.0,-7.0
usp000dha4,2005-03-01T16:08:28+00:00,47.95,-129.03,10.0,4.3,mb,"266 km WSW of Tofino, Canada",us,Mwr,6.0,-2600000000000000.0,-1000000000000000.0,3500000000000000.0,7400000000000000.0,2400000000000000.0,1.58e+16,265.0,89.0,-26.0
usp000dham,2005-03-01T21:34:26+00:00,47.98,-129.03,10.0,5.0,mwc,"264 km WSW of Tofino, Canada",us,Mwc,12.0,-5200000000000000.0,4200000000000000.0,1000000000000000.0,1.07e+16,-1e+16,4.45e+16,3.0,76.0,-167.0
usp000dhnx,2005-03-06T13:01:29+00:00,48.73,-129.07,10.0,4.9,mwr,"236 km WSW of Tofino, Canada",us,Mwr,9.0,-2.63e+16,-1.82e+16,2.09e+16,-1.3e+16,-2e+16,-2700000000000000.0,131.0,39.0,-176.0
usp000dhq1,2005-03-07T02:34:33.850000+00:00,42.512,-126.575,10.0,5.3,mwc,"172 km W of Port Orford, Oregon",us,Mwc,16.2,-9100000000000000.0,-8.49e+16,9.4e+16,2.69e+16,1.03e+16,1.75e+16,322.0,73.0,-173.0
usp000dhq5,2005-03-07T02:48:20.540000+00:00,42.534,-126.529,10.0,5.2,mwc,"168 km W of Port Orford, Oregon",us,Mwc,15.9,3300000000000000.0,-8.76e+16,8.44e+16,5100000000000000.0,1.66e+16,1.12e+16,318.0,80.0,174.0
usp000dhzy,2005-03-11T15:28:22+00:00,50.31,-128.72,26.0,4.8,mwr,"120 km WSW of Port McNeill, Canada",us,Mwr,12.0,9900000000000000.0,6900000000000000.0,-1.68e+16,-2100000000000000.0,-8200000000000000.0,1400000000000000.0,331.0,35.0,52.0
usp000dj8s,2005-03-15T10:35:19+00:00,50.73,-130.54,10.0,4.3,mwr,"244 km W of Port McNeill, Canada",us,Mwr,6.0,-550000000000000.0,-2940000000000000.0,3490000000000000.0,-150000000000000.0,-2260000000000000.0,380000000000000.0,136.0,73.0,163.0
nc21446031,2005-03-17T23:21:30.230000+00:00,40.743,-124.478,26.825,4.08,mw,"21 km WNW of Indianola, California",nc,smi:nc.anss.org/momentTensor/TMTS,27.0,132300000000000.0,-932600000000000.0,800300000000000.0,-362300000000000.0,-54280000000000.0,1364000000000000.0,,,
nc21446135,2005-03-18T07:23:58.490000+00:00,40.3706667,-124.972,17.08,4.85,mw,"64 km WSW of Ferndale, California",nc,smi:nc.anss.org/momentTensor/TMTS,18.0,3136000000000000.0,-2033000000000000.0,-1103000000000000.0,3485000000000000.0,-1.059e+16,-2.077e+16,,,
usp000dp1k,2005-04-23T07:08:48.850000+00:00,50.241,-129.688,10.0,4.7,mwr,"188 km WSW of Port McNeill, Canada",us,Mwr,6.0,-5400000000000000.0,-6800000000000000.0,1.23e+16,3900000000000000.0,-8100000000000000.0,1800000000000000.0,333.0,75.0,-128.0
nc21455621,2005-05-09T22:37:39.060000+00:00,38.7885,-122.7546667,-0.514,4.33,mw,"4 km SW of Cobb, California",nc,smi:nc.anss.org/momentTensor/TMTS,1.5,-1477000000000000.0,-2010000000000000.0,3487000000000000.0,-326700000000000.0,-1217000000000000.0,2504000000000000.0,,,
nc21455783,2005-05-10T20:21:10.510000+00:00,40.9461667,-121.7576667,17.106,4.43,mw,"10 km NW of Burney, California",nc,smi:nc.anss.org/momentTensor/TMTS,8.0,-3713000000000000.0,-2401000000000000.0,6114000000000000.0,-1308000000000000.0,1179000000000000.0,-449300000000000.0,,,
usp000dsft,2005-06-07T22:50:53+00:00,49.48,-127.24,33.0,4.0,mwr,"87 km SW of Vernon, Canada",us,Mwr,9.0,230000000000000.0,-1270000000000000.0,1050000000000000.0,-200000000000000.0,-250000000000000.0,-630000000000000.0,211.0,88.0,14.0
usp000dt25,2005-06-15T02:50:54.190000+00:00,41.292,-125.953,16.0,7.2,mwc,"153 km W of Big Lagoon, California",us,Mww,25.5,2.733e+18,-7.76e+19,7.486e+19,-6.061e+17,1.389e+19,7.018e+18,317.0,83.0,171.0
usp000dt33,2005-06-15T06:27:05.580000+00:00,40.833,-126.491,10.0,4.6,mwr,"190 km W of Ferndale, California",us,Mwr,21.0,-280000000000000.0,-8670000000000000.0,8950000000000000.0,1600000000000000.0,650000000000000.0,-6230000000000000.0,207.0,84.0,-7.0
usp000dt36,2005-06-15T07:14:12.400000+00:00,40.908,-126.367,10.0,4.7,mwr,"181 km W of Ferndale, California",us,Mwr,24.0,2920000000000000.0,-8740000000000000.0,5820000000000000.0,1680000000000000.0,-4770000000000000.0,-7100000000000000.0,207.0,70.0,23.0
usp000dt5d,2005-06-15T23:20:40.220000+00:00,41.057,-126.316,10.0,4.2,mb,"180 km WNW of Indianola, California",nc,smi:nc.anss.org/momentTensor/TMTS,30.0,-360000000000000.0,-684600000000000.0,1045000000000000.0,2551000000000000.0,-1045000000000000.0,-2887000000000000.0,,,
nc21462676,2005-06-16T02:30:27.160000+00:00,40.4245,-125.3021667,2.143,4.2,mw,"89 km W of Ferndale, California",nc,smi:nc.anss.org/momentTensor/TMTS,14.0,177600000000000.0,-505500000000000.0,327900000000000.0,299500000000000.0,-269500000000000.0,-2376000000000000.0,,,
usp000dt8h,2005-06-17T06:21:42.590000+00:00,40.773,-126.574,12.0,6.6,mwb,"196 km W of Ferndale, California",us,Mww,17.5,3.428e+17,-7.429e+18,7.086e+18,3.379e+18,1.678e+18,-7.571e+18,293.0,76.0,191.0
usp000dtbn,2005-06-18T11:44:59.370000+00:00,40.781,-126.369,10.0,4.2,mb,"179 km W of Ferndale, California",nc,smi:nc.anss.org/momentTensor/TMTS,24.0,-69340000000000.0,-2497000000000000.0,2567000000000000.0,481900000000000.0,-912400000000000.0,-2014000000000000.0,,,
usp000dtem,2005-06-19T09:27:18.810000+00:00,40.318,-126.583,10.0,4.9,mwc,"198 km W of Ferndale, California",us,Mwc,15.5,100000000000000.0,-1200000000000000.0,1100000000000000.0,-2900000000000000.0,4800000000000000.0,-2.64e+16,271.0,80.0,174.0
usp000dtrz,2005-06-23T18:13:53.380000+00:00,41.402,-125.739,10.0,4.3,mb,"134 km WSW of Crescent City, California",nc,smi:nc.anss.org/momentTensor/TMTS,11.0,-1513000000000000.0,-190000000000000.0,1703000000000000.0,28860000000000.0,-325000000000000.0,-836100000000000.0,,,
nc21465580,2005-06-26T18:45:57.790000+00:00,39.305,-120.0928333,-2.261,4.77,mw,"8 km NNW of Tahoe Vista, California",nc,smi:nc.anss.org/momentTensor/TMTS,11.0,-3817000000000000.0,-1.54e+16,1.922e+16,1979000000000000.0,3242000000000000.0,3172000000000000.0,,,
usp000dvw2,2005-07-25T10:54:59.590000+00:00,50.75,-130.139,10.0,4.6,mwr,"216 km W of Port McNeill, Canada",us,Mwr,9.0,-3100000000000000.0,-7400000000000000.0,1.04e+16,1500000000000000.0,-2800000000000000.0,2200000000000000.0,324.0,83.0,-158.0
nc21479484,2005-08-25T02:27:44.280000+00:00,40.4816667,-124.3086667,26.711,4.11,mw,"11km SSW of Ferndale, CA",nc,smi:nc.anss.org/momentTensor/TMTS,30.0,-1279000000000000.0,-188100000000000.0,1467000000000000.0,-401800000000000.0,-644900000000000.0,1116000000000000.0,,,
nc21481621,2005-09-05T02:12:18.660000+00:00,40.472,-125.6558333,18.962,4.05,mw,"118 km W of Ferndale, California",nc,smi:nc.anss.org/momentTensor/TMTS,27.0,-321100000000000.0,-257500000000000.0,578600000000000.0,-399800000000000.0,-607000000000000.0,-1206000000000000.0,,,
nc21490245,2005-10-19T00:05:12.030000+00:00,38.835,-122.881,2.009,4.14,mw,"12 km ENE of Cloverdale, California",nc,smi:nc.anss.org/momentTensor/TMTS,3.5,-623700000000000.0,-673200000000000.0,1297000000000000.0,758400000000000.0,330700000000000.0,1536000000000000.0,,,
usp000e4as,2005-11-16T14:07:41.880000+00:00,49.992,-129.772,10.0,4.9,mwr,"202 km WSW of Port McNeill, Canada",us,Mwr,12.0,-3600000000000000.0,4500000000000000.0,-900000000000000.0,-1.94e+16,-4000000000000000.0,1.88e+16,89.0,87.0,-47.0
usp000e4gd,2005-11-19T12:40:04.370000+00:00,48.792,-128.598,10.0,5.3,mwc,"201 km WSW of Tofino, Canada",us,Mwc,16.0,-8000000000000000.0,-1.96e+16,2.76e+16,-3200000000000000.0,-2.95e+16,8.79e+16,263.0,73.0,2.0
uw10684038,2005-11-23T20:53:15.300000+00:00,48.8538333,-122.138,-0.71,4.0,md,"6 km ENE of Deming, Washington",us,Mwr,3.0,3890000000000000.0,-3490000000000000.0,-400000000000000.0,-3440000000000000.0,-300000000000000.0,-730000000000000.0,73.0,24.0,81.0
nc21500608,2005-12-23T16:57:29.940000+00:00,40.4506667,-125.2595,8.095,4.25,mw,"85 km W of Ferndale, California",nc,smi:nc.anss.org/momentTensor/TMTS,8.0,12450000000000.0,-975400000000000.0,962900000000000.0,-124900000000000.0,-346300000000000.0,-2715000000000000.0,,,
nc21500628,2005-12-23T21:38:32.890000+00:00,40.4273333,-125.3463333,3.152,4.63,mw,"93 km W of Ferndale, California",nc,smi:nc.anss.org/momentTensor/TMTS,11.0,336400000000000.0,-3450000000000000.0,3113000000000000.0,-129700000000000.0,1326000000000000.0,-1.052e+16,,,
usp000e81b,2006-01-11T10:02:32.560000+00:00,43.507,-127.266,10.0,5.6,mwb,"235 km W of Bandon, Oregon",us,Mwc,17.9,-2.3e+16,-1.39e+17,1.61e+17,-1.5e+16,-2e+16,-1.38e+17,114.0,83.0,-177.0
usp000e9kg,2006-02-06T01:03:36+00:00,49.57,-127.65,10.0,4.6,mwr,"105 km WSW of Vernon, Canada",us,Mwr,12.0,-3000000000000000.0,-1410000000000000.0,4410000000000000.0,-1890000000000000.0,-5130000000000000.0,5240000000000000.0,5.0,74.0,-121.0
usp000ec8a,2006-03-15T22:55:44+00:00,48.797,-128.656,6.0,4.5,mwr,"205 km WSW of Tofino, Canada",us,Mwr,6.0,2330000000000000.0,-6140000000000000.0,3810000000000000.0,3690000000000000.0,-970000000000000.0,-2640000000000000.0,212.0,51.0,14.0
usp000ecpd,2006-03-22T05:42:02.540000+00:00,40.744,-126.319,10.0,5.0,mwc,"174 km W of Ferndale, California",us,Mwc,12.9,-4900000000000000.0,-2.22e+16,2.71e+16,-1.12e+16,-900000000000000.0,-3.06e+16,18.0,75.0,-8.0
usp000ecvr,2006-03-25T03:16:05.360000+00:00,41.749,-126.08,10.0,5.1,mwc,"151 km WSW of Pistol River, Oregon",us,Mwc,15.7,-7100000000000000.0,-4.85e+16,5.56e+16,8600000000000000.0,-2300000000000000.0,3300000000000000.0,226.0,81.0,-7.0
iscgem10610584,2006-03-25T20:14:07.270000+00:00,42.059,-125.95,11.1,4.99,mw,"130 km W of Pistol River, Oregon",us,Mwc,16.1,-4500000000000000.0,-3.5e+16,3.95e+16,5700000000000000.0,4000000000000000.0,-3100000000000000.0,313.0,79.0,-176.0
nc21510606,2006-03-26T01:56:37.600000+00:00,40.2778333,-124.449,22.253,4.52,mw,"15km WSW of Petrolia, CA",nc,smi:nc.anss.org/momentTensor/TMTS,21.0,246200000000000.0,-3783000000000000.0,3536000000000000.0,756700000000000.0,-276700000000000.0,-6438000000000000.0,,,
usp000edh3,2006-04-02T09:46:39+00:00,50.52,-130.3,10.0,4.3,mwr,"227 km W of Port McNeill, Canada",us,Mwr,9.0,140000000000000.0,-2020000000000000.0,1880000000000000.0,1860000000000000.0,-1110000000000000.0,890000000000000.0,324.0,87.0,-138.0
usp000eedv,2006-04-13T15:39:52.720000+00:00,50.555,-130.369,10.0,4.0,mwr,"232 km W of Port McNeill, Canada",us,Mwr,9.0,40000000000000.0,-1270000000000000.0,1230000000000000.0,200000000000000.0,-430000000000000.0,180000000000000.0,138.0,85.0,160.0
usp000efcp,2006-04-24T01:25:12+00:00,48.933,-129.005,9.0,4.3,mwr,"226 km WSW of Vernon, Canada",us,Mwr,9.0,1100000000000000.0,-3330000000000000.0,2220000000000000.0,770000000000000.0,-1040000000000000.0,1170000000000000.0,143.0,79.0,152.0
nc21516950,2006-05-12T10:37:29.330000+00:00,38.8171667,-122.8138333,3.618,4.71,mw,"7 km W of Cobb, California",nc,smi:nc.anss.org/momentTensor/TMTS,5.0,-1.039e+16,-4733000000000000.0,1.512e+16,-2941000000000000.0,-3432000000000000.0,5983000000000000.0,,,
usp000ej3y,2006-05-27T21:50:48.160000+00:00,43.761,-128.145,10.0,4.9,mwc,off the coast of Oregon,us,Mwc,16.7,-1.09e+16,-1.84e+16,2.93e+16,-8300000000000000.0,-1000000000000000.0,-1.92e+16,23.0,71.0,-16.0
usp000ejbn,2006-05-31T01:33:19.690000+00:00,50.643,-130.489,10.0,4.1,mwr,"240 km W of Port McNeill, Canada",us,Mwr,9.0,440000000000000.0,-1500000000000000.0,1060000000000000.0,-130000000000000.0,-630000000000000.0,170000000000000.0,134.0,66.0,158.0
usp000ejgv,2006-06-02T02:03:35.350000+00:00,50.559,-130.308,10.0,4.2,mwr,"228 km W of Port McNeill, Canada",us,Mwr,9.0,-10000000000000.0,-2200000000000000.0,2200000000000000.0,1280000000000000.0,-1300000000000000.0,510000000000000.0,321.0,89.0,-141.0
usp000ejp9,2006-06-04T08:56:32.730000+00:00,50.953,-130.134,10.0,5.0,mwc,"218 km W of Port McNeill, Canada",us,Mwc,14.6,-7600000000000000.0,-2.51e+16,3.27e+16,2100000000000000.0,-2600000000000000.0,1.75e+16,240.0,83.0,-3.0
nc21527987,2006-07-19T11:41:43.460000+00:00,40.2806667,-124.4331667,20.064,5.0,mw,"35 km SSW of Ferndale, California",nc,smi:nc.anss.org/momentTensor/TDMT,27.0,2400000000000000.0,-1.606e+16,1.366e+16,1163000000000000.0,-6043000000000000.0,-3.09e+16,,,
usp000eq43,2006-08-02T21:15:36.430000+00:00,50.602,-130.172,10.0,4.6,mwr,"218 km W of Port McNeill, Canada",us,Mwr,9.0,1780000000000000.0,-9510000000000000.0,7730000000000000.0,3270000000000000.0,-520000000000000.0,1100000000000000.0,319.0,82.0,-167.0
usp000ersa,2006-08-26T03:39:30+00:00,48.865,-129.29,9.0,4.0,mwr,"248 km WSW of Vernon, Canada",us,Mwr,9.0,1.9e+16,-1.31e+17,1.12e+17,2.7e+16,2000000000000000.0,-7e+16,210.0,82.0,-4.0
usp000es64,2006-08-31T15:22:21.610000+00:00,44.099,-128.374,10.0,4.8,mwc,off the coast of Oregon,us,Mwc,14.2,-1.99e+16,3200000000000000.0,1.66e+16,-600000000000000.0,-4100000000000000.0,6800000000000000.0,206.0,39.0,-85.0
usp000esup,2006-09-10T11:14:45.590000+00:00,50.229,-129.607,10.0,5.0,mwc,"Vancouver Island, Canada region",us,Mwc,15.1,-2900000000000000.0,-3.33e+16,3.62e+16,2400000000000000.0,-1800000000000000.0,8100000000000000.0,231.0,85.0,-2.0
usp000eubd,2006-10-02T12:54:32.390000+00:00,49.259,-128.901,10.0,4.2,mwr,"197 km SW of Port McNeill, Canada",us,Mwr,14.0,450000000000000.0,-1400000000000000.0,1200000000000000.0,-210000000000000.0,-1360000000000000.0,-1000000000000000.0,111.0,52.0,167.0
usp000eubf,2006-10-02T13:32:26.610000+00:00,48.985,-129.264,10.0,4.0,mwr,"237 km SW of Port McNeill, Canada",us,Mwr,9.0,-830000000000000.0,-160000000000000.0,1010000000000000.0,-380000000000000.0,-620000000000000.0,-500000000000000.0,131.0,41.0,-139.0
uw10701498,2006-10-08T02:48:26.650000+00:00,46.8498333,-121.6001667,1.649,4.5,md,"27 km NNE of Packwood, Washington",us,Mwr,12.0,1530000000000000.0,-2500000000000000.0,970000000000000.0,920000000000000.0,-2390000000000000.0,1470000000000000.0,145.0,74.0,127.0
usp000evdy,2006-10-17T20:53:14.030000+00:00,40.366,-126.259,10.0,4.9,mwc,"171 km W of Ferndale, CA",us,Mwc,12.0,-7400000000000000.0,-1100000000000000.0,8500000000000000.0,-300000000000000.0,-1200000000000000.0,-2.67e+16,95.0,87.0,-178.0
nc21543835,2006-10-20T17:00:08.100000+00:00,38.8666667,-122.7873333,2.546,4.56,mw,"7 km NW of Cobb, California",nc,smi:nc.anss.org/momentTensor/TMTS,3.5,-5000000000000000.0,944400000000000.0,4056000000000000.0,2630000000000000.0,695500000000000.0,7572000000000000.0,,,
nc21544859,2006-10-24T14:26:42.070000+00:00,40.3895,-125.0668333,-0.655,4.3,mw,"71 km WSW of Ferndale, California",nc,smi:nc.anss.org/momentTensor/TDMT,5.0,99260000000000.0,-1151000000000000.0,1051000000000000.0,-421600000000000.0,-790800000000000.0,-3301000000000000.0,,,
nc21547350,2006-11-09T08:38:13.440000+00:00,39.3586667,-123.2823333,4.06,4.1,mw,"8 km SE of Willits, California",nc,smi:nc.anss.org/momentTensor/TDMT,8.0,157600000000000.0,-1142000000000000.0,984800000000000.0,92080000000000.0,238000000000000.0,1026000000000000.0,,,
nc51176911,2006-12-17T15:13:39.990000+00:00,40.4203333,-125.0736667,-0.283,4.3,mw,"70 km WSW of Ferndale, California",nc,smi:nc.anss.org/momentTensor/TDMT,5.0,-456400000000000.0,-291000000000000.0,747300000000000.0,-55140000000000.0,-1021000000000000.0,-3336000000000000.0,,,
nc51178004,2007-01-24T13:42:52.740000+00:00,40.3115,-124.5853333,19.047,4.4,mw,"40 km SW of Ferndale, California",nc,smi:nc.anss.org/momentTensor/TDMT,21.0,331700000000000.0,-738000000000000.0,406300000000000.0,1375000000000000.0,-1476000000000000.0,-5298000000000000.0,,,
usp000f418,2007-01-31T15:24:47.280000+00:00,42.302,-126.775,10.0,4.8,mwc,"193 km WSW of Port Orford, Oregon",us,Mwc,16.9,-1.84e+16,-100000000000000.0,1.85e+16,-100000000000000.0,-2600000000000000.0,8300000000000000.0,204.0,42.0,-85.0
usp000f419,2007-01-31T15:38:32.270000+00:00,42.351,-126.909,10.0,4.6,mwc,"202 km WSW of Port Orford, Oregon",us,Mwc,13.8,-9600000000000000.0,2150000000000000.0,7450000000000000.0,2010000000000000.0,-3100000000000000.0,2610000000000000.0,215.0,40.0,-68.0
usp000f4pa,2007-02-11T15:34:48.730000+00:00,43.481,-127.363,10.0,5.0,mwc,"243 km W of Bandon, Oregon",us,Mwc,20.6,-400000000000000.0,-2.46e+16,2.5e+16,-6500000000000000.0,5800000000000000.0,-2.25e+16,24.0,76.0,4.0
usp000f4w1,2007-02-14T22:12:58.550000+00:00,43.516,-127.451,10.0,5.2,mwc,"250 km W of Bandon, Oregon",us,Mwc,12.0,-5500000000000000.0,-5.69e+16,6.23e+16,-1.92e+16,-1.21e+16,-6.27e+16,113.0,78.0,-171.0
nc40193932,2007-02-26T12:19:54.530000+00:00,40.6428333,-124.8628333,-0.533,5.4,mw,"51 km W of Ferndale, California",nc,smi:nc.anss.org/momentTensor/TDMT,18.0,1.373e+16,-1.383e+17,1.246e+17,-2.349e+16,-2.232e+16,7.839e+16,,,
usp000f73g,2007-03-21T05:19:21.650000+00:00,49.147,-128.276,10.0,4.7,mwr,"169 km SW of Vernon, Canada",us,Mwr,8.0,-1.31e+16,0.0,8900000000000000.0,-1200000000000000.0,-9800000000000000.0,-3100000000000000.0,151.0,27.0,-114.0
usp000f774,2007-03-23T03:49:05.310000+00:00,48.972,-128.842,10.0,4.6,mwr,"214 km SW of Vernon, Canada",us,Mwr,16.0,-7090000000000000.0,-2300000000000000.0,8030000000000000.0,850000000000000.0,-2600000000000000.0,-2050000000000000.0,174.0,36.0,-83.0
nc40195359,2007-04-05T22:54:29.840000+00:00,40.3111667,-124.584,17.917,4.17,mw,"25km W of Petrolia, CA",nc,smi:nc.anss.org/momentTensor/TMTS,14.0,-24270000000000.0,-1267000000000000.0,1291000000000000.0,-20030000000000.0,323000000000000.0,-1786000000000000.0,,,
nc40195415,2007-04-07T23:55:04.230000+00:00,40.6031667,-124.7713333,20.477,4.19,mw,"43km W of Ferndale, CA",nc,smi:nc.anss.org/momentTensor/TMTS,24.0,97450000000000.0,-1266000000000000.0,1169000000000000.0,-376400000000000.0,-378200000000000.0,1980000000000000.0,,,
nc40195779,2007-04-18T08:42:22.330000+00:00,39.4645,-123.1073333,4.725,4.79,mw,"15 km N of Potter Valley, California",nc,smi:nc.anss.org/momentTensor/TMTS,3.5,-1604000000000000.0,-8072000000000000.0,9676000000000000.0,3781000000000000.0,-749500000000000.0,1.601e+16,,,
usp000faex,2007-04-24T02:06:57.210000+00:00,50.259,-130.104,10.0,4.3,mwr,"Vancouver Island, Canada region",us,Mwr,7.0,-1450000000000000.0,-90000000000000.0,2490000000000000.0,-1450000000000000.0,-1530000000000000.0,990000000000000.0,173.0,29.0,-131.0
nc51181154,2007-04-24T21:08:28.530000+00:00,38.7946667,-122.7965,1.65,4.46,mw,"7 km WSW of Cobb, California",nc,smi:nc.anss.org/momentTensor/TMTS,3.5,-2705000000000000.0,-2335000000000000.0,5041000000000000.0,1240000000000000.0,-2021000000000000.0,3628000000000000.0,,,
usp000fauf,2007-04-29T00:49:05.820000+00:00,43.438,-126.915,6.3,4.8,mwc,"206 km W of Bandon, Oregon",us,Mwc,15.4,-7200000000000000.0,-8700000000000000.0,1.59e+16,-1200000000000000.0,4700000000000000.0,-1.64e+16,288.0,80.0,179.0
usp000fb9a,2007-05-05T06:15:43.710000+00:00,50.767,-130.049,10.0,5.0,mwc,"210 km W of Port McNeill, Canada",us,Mwc,18.9,-4500000000000000.0,-2.84e+16,3.29e+16,5000000000000000.0,-3000000000000000.0,1.44e+16,237.0,80.0,-6.0
nc51181705,2007-05-09T07:50:03.830000+00:00,40.3745,-125.0161667,-0.423,5.2,mw,"67 km WSW of Ferndale, California",nc,smi:nc.anss.org/momentTensor/TDMT,11.0,2136000000000000.0,-7695000000000000.0,5559000000000000.0,7187000000000000.0,-2.331e+16,-7.304e+16,,,
nc51181706,2007-05-09T08:07:31.340000+00:00,40.3841667,-124.9553333,-0.553,4.53,mw,"57km W of Petrolia, CA",nc,smi:nc.anss.org/momentTensor/TMTS,18.0,145900000000000.0,-1804000000000000.0,1658000000000000.0,272100000000000.0,-793500000000000.0,-7467000000000000.0,,,
usp000fdpy,2007-06-09T13:09:02.290000+00:00,51.02,-130.361,10.0,4.1,mwr,"235 km W of Port McNeill, Canada",us,Mwr,4.0,550000000000000.0,-1730000000000000.0,760000000000000.0,600000000000000.0,-880000000000000.0,550000000000000.0,243.0,47.0,21.0
nc51183469,2007-06-25T02:32:24.620000+00:00,41.1155,-124.8245,2.563,5.0,mw,"57 km W of Trinidad, California",nc,smi:nc.anss.org/momentTensor/TDMT,18.0,3818000000000000.0,-3.285e+16,2.904e+16,7428000000000000.0,-8731000000000000.0,-5823000000000000.0,,,
usp000ffyu,2007-07-11T06:45:07.570000+00:00,50.499,-130.28,10.0,4.2,mwr,"226 km W of Port McNeill, Canada",us,Mwr,11.0,280000000000000.0,-1790000000000000.0,1670000000000000.0,-1340000000000000.0,-870000000000000.0,120000000000000.0,138.0,47.0,177.0
usp000fh5y,2007-07-27T01:37:47.090000+00:00,44.428,-129.593,10.0,5.2,mwc,off the coast of Oregon,us,Mwc,12.0,-6700000000000000.0,-5.72e+16,6.39e+16,-1.77e+16,2.37e+16,-5.56e+16,25.0,74.0,7.0
usp000fh5z,2007-07-27T01:45:27.330000+00:00,44.46,-129.666,10.0,5.3,mwc,off the coast of Oregon,us,Mwc,17.7,-2300000000000000.0,-7.35e+16,7.58e+16,-3.01e+16,4.93e+16,-6.08e+16,28.0,67.0,12.0
usp000fh7y,2007-07-27T23:22:48.920000+00:00,44.401,-129.76,10.0,5.3,mwc,off the coast of Oregon,us,Mwc,12.0,-4.72e+16,-3.17e+16,7.89e+16,-5900000000000000.0,-2400000000000000.0,-8.83e+16,16.0,82.0,-7.0
usp000fh84,2007-07-28T00:20:38.240000+00:00,44.545,-129.759,10.0,5.0,mwc,off the coast of Oregon,us,Mwc,12.8,1700000000000000.0,-2.7e+16,2.53e+16,-1.68e+16,2.37e+16,-2.08e+16,31.0,56.0,11.0
usp000fh85,2007-07-28T00:30:29.130000+00:00,44.611,-129.778,10.0,5.3,mwc,off the coast of Oregon,us,Mwc,20.0,-2.7e+16,-7.4e+16,1.02e+17,-2.2e+16,3.5e+16,-8e+16,25.0,76.0,5.0
usp000fkpu,2007-08-25T22:45:20.050000+00:00,50.558,-130.442,10.0,4.3,mwr,"237 km W of Port McNeill, Canada",us,Mwr,7.0,-3330000000000000.0,2050000000000000.0,1790000000000000.0,1210000000000000.0,-2080000000000000.0,-1220000000000000.0,126.0,28.0,-104.0
nc40201477,2007-09-08T08:16:29.030000+00:00,40.3193333,-124.64,15.297,4.4,mw,"42 km SW of Ferndale, California",nc,smi:nc.anss.org/momentTensor/TDMT,21.0,470200000000000.0,-2449000000000000.0,1979000000000000.0,439200000000000.0,-212300000000000.0,-3691000000000000.0,,,
usp000fq7d,2007-10-10T00:15:15.740000+00:00,43.767,-127.87,10.0,5.0,mwc,"289 km WNW of Bandon, Oregon",us,Mwc,17.7,-2900000000000000.0,-2.93e+16,3.22e+16,-2.29e+16,2200000000000000.0,-1.02e+16,31.0,61.0,-14.0
nc40205250,2007-11-09T03:37:09.900000+00:00,40.5766667,-124.4723333,26.217,4.1,mw,"17 km W of Ferndale, California",nc,smi:nc.anss.org/momentTensor/TDMT,21.0,345600000000000.0,-1532000000000000.0,1187000000000000.0,4720000000000.0,-716200000000000.0,930600000000000.0,,,
usp000fsx6,2007-11-19T20:32:48.800000+00:00,43.542,-127.414,10.0,5.8,mwc,"248 km W of Bandon, Oregon",us,Mwc,19.0,-4.3e+16,-4.06e+17,4.49e+17,-6.5e+16,4.6e+16,-3.36e+17,26.0,82.0,0.0
usp000fsxd,2007-11-19T22:43:02.950000+00:00,43.637,-127.474,10.0,5.0,mwc,"254 km WNW of Bandon, Oregon",us,Mwc,19.3,-2400000000000000.0,-2.29e+16,2.53e+16,-1.57e+16,2300000000000000.0,-3.12e+16,18.0,68.0,-5.0
usp000fu9g,2007-12-11T19:17:21.850000+00:00,40.416,-126.281,10.0,4.9,mwc,"171 km W of Ferndale, California",us,Mwc,21.5,-2900000000000000.0,4400000000000000.0,-1500000000000000.0,-1400000000000000.0,-300000000000000.0,-2.99e+16,357.0,87.0,-1.0
usp000fw0t,2008-01-05T10:39:14.290000+00:00,51.324,-130.39,10.0,5.7,mwc,"246 km WNW of Port McNeill, Canada",us,Mwc,12.0,-1e+16,-3.67e+17,3.78e+17,1.01e+17,2e+16,1.34e+17,326.0,77.0,-174.0
usp000fw0w,2008-01-05T11:01:06.110000+00:00,51.254,-130.746,15.0,6.6,mwc,"267 km WNW of Port McNeill, Canada",us,Mww,11.5,-9.262e+17,-7.532e+18,8.458e+18,-8.908e+17,2.498e+18,3.509e+18,326.0,89.0,163.0
usp000fw12,2008-01-05T11:44:48.170000+00:00,51.163,-130.542,10.0,6.4,mwc,"251 km WNW of Port McNeill, Canada",us,Mwc,12.0,-2e+17,-4.9e+18,5.09e+18,9.3e+17,9e+16,1.72e+18,325.0,81.0,-175.0
usp000fwcm,2008-01-10T01:37:19+00:00,43.785,-127.264,13.0,6.3,mwc,"242 km WNW of Bandon, Oregon",us,Mwc,16.8,-3.8e+17,-2.69e+18,3.06e+18,-1.6e+17,3.7e+17,-2.56e+18,24.0,86.0,3.0
nc51194914,2008-01-19T17:18:46.470000+00:00,40.1671667,-122.7593333,10.169,4.5,mw,"34 km WNW of Rancho Tehama Reserve, California",nc,smi:nc.anss.org/momentTensor/TDMT,11.0,-4081000000000000.0,-961400000000000.0,5042000000000000.0,1296000000000000.0,-4107000000000000.0,1501000000000000.0,,,
nc51194936,2008-01-19T23:13:05.430000+00:00,40.1776667,-122.7036667,2.049,4.7,mw,"31 km NW of Rancho Tehama Reserve, California",nc,smi:nc.anss.org/momentTensor/TDMT,11.0,-1.199e+16,-2148000000000000.0,1.414e+16,2780000000000000.0,-7343000000000000.0,4212000000000000.0,,,
usp000g1j2,2008-03-15T14:44:36.060000+00:00,42.412,-126.835,10.0,5.7,mwc,"195 km WSW of Port Orford, Oregon",us,Mwc,12.9,-4.48e+17,3e+16,4.18e+17,-3.4e+16,3.8e+16,1.37e+17,23.0,44.0,-82.0
usp000g2xu,2008-04-02T05:55:41.390000+00:00,44.364,-129.351,10.0,5.2,mwc,off the coast of Oregon,us,Mwc,12.0,-3.33e+16,2.49e+16,8400000000000000.0,1700000000000000.0,1.54e+16,-8.6e+16,268.0,75.0,-170.0
usp000g3j0,2008-04-10T08:04:30.470000+00:00,43.988,-128.589,10.0,5.3,mwc,off the coast of Oregon,us,Mwc,12.0,-9.7e+16,-1e+16,1.08e+17,1.2e+16,-1000000000000000.0,2e+16,1.0,45.0,-101.0
nc40214944,2008-04-10T14:17:35+00:00,40.4043333,-125.6386667,14.622,4.0,mw,"118 km W of Ferndale, California",nc,smi:nc.anss.org/momentTensor/TDMT,18.0,23050000000000.0,-181200000000000.0,158100000000000.0,110600000000000.0,-80870000000000.0,-1073000000000000.0,,,
usp000g3ru,2008-04-12T12:05:14.620000+00:00,43.648,-127.621,10.0,5.5,mwc,"266 km WNW of Bandon, Oregon",us,Mwc,12.3,2000000000000000.0,-1.32e+17,1.31e+17,-4.7e+16,1.1e+16,-1.44e+17,21.0,76.0,-2.0
usp000g3vx,2008-04-14T05:38:32.390000+00:00,44.279,-129.492,10.0,5.1,mwc,off the coast of Oregon,us,Mwc,12.0,-3.74e+16,1500000000000000.0,3.59e+16,-2.41e+16,1.26e+16,-2.19e+16,356.0,35.0,-54.0
usp000g3wa,2008-04-14T07:50:47.340000+00:00,49.097,-129.163,10.0,4.5,mwr,"223 km SW of Port McNeill, Canada",us,Mwr,18.0,-550000000000000.0,-5280000000000000.0,6610000000000000.0,870000000000000.0,-2200000000000000.0,-190000000000000.0,225.0,71.0,4.0
nc40215734,2008-04-21T22:00:53.770000+00:00,40.7801667,-124.2081667,20.609,4.2,mw,"2 km WNW of Bayview, California",nc,smi:nc.anss.org/momentTensor/TDMT,21.0,-1930000000000000.0,1833000000000000.0,97420000000000.0,957500000000000.0,-811300000000000.0,-749800000000000.0,,,
nn00242164,2008-04-24T22:55:48.953000+00:00,39.5297,-119.9332,2.9,4.1,ml,"2 km NNW of Mogul, NV",us,Mwr,5.0,-340000000000000.0,-3090000000000000.0,3440000000000000.0,-720000000000000.0,460000000000000.0,1770000000000000.0,150.0,83.0,-168.0
nn00242527,2008-04-26T06:39:59.648000+00:00,39.5212,-119.9279,2.8,4.8,mw,"0 km N of Mogul, Nevada",nn,Mw,4.0,1400000000000000.0,1.7e+16,-1.84e+16,-5600000000000000.0,-1900000000000000.0,-6600000000000000.0,326.0,73.0,6.0
nn00385392,2008-04-26T06:40:10.453000+00:00,39.5231,-119.9393,2.8,5.1,ml,"1 km NW of Mogul, Nevada",us,Mwc,15.1,-6800000000000000.0,-3.33e+16,4.02e+16,2000000000000000.0,2500000000000000.0,1.85e+16,328.0,86.0,180.0
usp000g4zv,2008-04-27T21:17:59.800000+00:00,48.685,-128.888,10.0,5.2,mwc,"224 km WSW of Tofino, Canada",us,Mwc,20.8,-1.32e+16,-6.81e+16,8.13e+16,-4100000000000000.0,5500000000000000.0,-1.27e+16,40.0,85.0,0.0
nn00243152,2008-04-28T11:33:18.257000+00:00,39.5275,-119.9274,1.1,4.0,ml,"1 km N of Mogul, Nevada",us,Mwr,5.0,60000000000000.0,-1730000000000000.0,1670000000000000.0,90000000000000.0,330000000000000.0,90000000000000.0,47.0,84.0,10.0
nc40216664,2008-04-30T03:03:06.900000+00:00,40.8358333,-123.4968333,27.755,5.4,mw,"3 km NNW of Burnt Ranch, California",nc,smi:nc.anss.org/momentTensor/TDMT,30.0,-1.194e+17,-1.268e+16,1.32e+17,-781900000000000.0,-7.382e+16,-8887000000000000.0,,,
usp000g5ev,2008-05-04T02:51:12.340000+00:00,43.155,-126.369,10.0,5.1,mwc,"158 km W of Langlois, Oregon",us,Mwc,12.0,-1.1e+16,-2.62e+16,3.72e+16,-2.44e+16,1.04e+16,-3.09e+16,21.0,57.0,-9.0
nc51202589,2008-05-13T04:07:39.820000+00:00,40.8051667,-125.3406667,8.102,4.3,mw,"94 km W of Indianola, California",nc,smi:nc.anss.org/momentTensor/TDMT,11.0,-21990000000000.0,-3097000000000000.0,3119000000000000.0,-340300000000000.0,654400000000000.0,-63690000000000.0,,,
usp000g7pu,2008-05-24T23:23:06.040000+00:00,44.213,-129.393,10.0,5.1,mwc,off the coast of Oregon,us,Mwc,12.3,-1.01e+16,-2.73e+16,3.74e+16,-2.27e+16,1.31e+16,-3.08e+16,23.0,58.0,-6.0
nc40218402,2008-05-30T04:48:36.230000+00:00,38.7758333,-122.7641667,1.023,4.14,mw,"6 km SW of Cobb, California",nc,smi:nc.anss.org/momentTensor/TMTS,1.5,-213100000000000.0,-988800000000000.0,1202000000000000.0,547200000000000.0,-899400000000000.0,1352000000000000.0,,,
usp000g84d,2008-05-30T12:38:29.960000+00:00,50.458,-130.41,10.0,5.0,mwc,"236 km W of Port McNeill, Canada",us,Mwc,16.5,0.0,-3.55e+16,3.55e+16,1700000000000000.0,5200000000000000.0,1.51e+16,326.0,84.0,175.0
usp000g8ah,2008-06-01T14:24:18.240000+00:00,49.064,-128.351,10.0,4.8,mwr,"178 km W of Tofino, Canada",us,Mwr,2.0,-1200000000000000.0,-5800000000000000.0,5700000000000000.0,-3400000000000000.0,-1.96e+16,-500000000000000.0,131.0,9.0,-150.0
usp000g8du,2008-06-02T17:50:24.910000+00:00,44.18,-129.221,10.0,5.2,mwc,off the coast of Oregon,us,Mwc,12.0,-1.54e+16,-5.44e+16,6.98e+16,-8200000000000000.0,1.87e+16,-5.14e+16,26.0,81.0,7.0
usp000g9k6,2008-06-14T06:47:09.030000+00:00,44.234,-129.197,10.0,5.2,mwc,off the coast of Oregon,us,Mwc,13.6,-2.01e+16,-4.69e+16,6.7e+16,-2.1e+16,3.06e+16,-5.5e+16,25.0,70.0,4.0
usp000ga0e,2008-06-18T16:30:51.800000+00:00,49.216,-128.746,10.0,4.4,mwr,"193 km SW of Port McNeill, Canada",us,Mwr,8.0,1600000000000000.0,-3840000000000000.0,4300000000000000.0,-20000000000000.0,-2880000000000000.0,-650000000000000.0,125.0,65.0,158.0
usp000gays,2008-06-29T19:33:40.930000+00:00,44.247,-129.25,10.0,5.4,mwc,off the coast of Oregon,us,Mwc,12.0,-2.5e+16,-8.8e+16,1.13e+17,8000000000000000.0,3.1e+16,-9e+16,294.0,77.0,-179.0
usp000gbzb,2008-07-12T15:46:02.310000+00:00,43.294,-126.445,10.0,5.0,mwc,"166 km W of Bandon, Oregon",us,Mwc,18.5,-1.1e+16,-1.94e+16,3.03e+16,-5500000000000000.0,-2000000000000000.0,-2.15e+16,23.0,78.0,-13.0
uw10746908,2008-07-14T18:45:55.170000+00:00,45.1286667,-120.95,16.378,4.2,md,"11 km ESE of Maupin, Oregon",us,Mwr,18.0,0.0,-450000000000000.0,450000000000000.0,-176000000000000.0,-64000000000000.0,536000000000000.0,250.0,90.0,15.0
usp000gcef,2008-07-17T18:21:38.690000+00:00,44.331,-129.482,10.0,5.0,mwc,off the coast of Oregon,us,Mwc,17.1,-2.74e+16,2200000000000000.0,2.52e+16,-1.64e+16,1.52e+16,-1.6e+16,349.0,29.0,-64.0
usp000gcf1,2008-07-17T22:36:18.780000+00:00,44.367,-129.356,10.0,5.5,mwc,off the coast of Oregon,us,Mwc,12.0,-1.01e+17,-5.9e+16,1.6e+17,1.8e+16,4.1e+16,-1.16e+17,299.0,57.0,-151.0
usp000gcf4,2008-07-17T22:42:59.360000+00:00,44.37,-129.752,10.0,5.2,mwc,off the coast of Oregon,us,Mwc,19.1,-7.64e+16,1.09e+16,6.55e+16,-3.33e+16,2.64e+16,-3.74e+16,346.0,33.0,-69.0
usp000gcf5,2008-07-17T22:51:55.320000+00:00,44.371,-129.417,10.0,5.7,mwc,off the coast of Oregon,us,Mwc,14.1,-1.29e+17,-2.36e+17,3.66e+17,-4.6e+16,8.9e+16,-2.85e+17,24.0,82.0,5.0
usp000gcj7,2008-07-19T01:00:22.940000+00:00,44.33,-129.304,10.0,5.0,mwc,off the coast of Oregon,us,Mwc,13.5,-2.45e+16,3000000000000000.0,2.15e+16,1e+16,1.38e+16,-2.18e+16,297.0,48.0,-137.0
nc40221369,2008-07-30T13:39:33.980000+00:00,40.4251667,-125.3336667,14.634,4.2,mw,"92 km W of Ferndale, California",nc,smi:nc.anss.org/momentTensor/TDMT,18.0,130100000000000.0,-688700000000000.0,558600000000000.0,492500000000000.0,-427800000000000.0,-2729000000000000.0,,,
nc51207076,2008-08-17T05:56:59.370000+00:00,41.1885,-124.216,15.66,4.6,mw,"7 km WNW of Big Lagoon, California",nc,smi:nc.anss.org/momentTensor/TDMT,18.0,3235000000000000.0,1074000000000000.0,-4308000000000000.0,3297000000000000.0,-8587000000000000.0,1071000000000000.0,,,
usp000gfj0,2008-08-25T22:24:56.850000+00:00,49.022,-128.493,10.0,5.1,mwc,"189 km W of Tofino, Canada",us,Mwc,23.0,-8400000000000000.0,-5.36e+16,6.2e+16,-4600000000000000.0,1400000000000000.0,-8900000000000000.0,41.0,85.0,-3.0
usp000gfqh,2008-08-27T17:41:53.380000+00:00,50.254,-129.668,10.0,4.3,mwr,"187 km WSW of Port McNeill, Canada",us,Mwr,10.0,-280000000000000.0,-2300000000000000.0,2610000000000000.0,-890000000000000.0,-270000000000000.0,3250000000000000.0,162.0,77.0,-178.0
usp000gfqm,2008-08-27T18:10:06.570000+00:00,50.121,-129.823,10.0,4.5,mwr,"201 km WSW of Port McNeill, Canada",us,Mwr,17.0,2490000000000000.0,-7400000000000000.0,5270000000000000.0,130000000000000.0,-2360000000000000.0,-370000000000000.0,227.0,69.0,22.0
usp000gfqv,2008-08-27T19:45:08.320000+00:00,50.125,-129.561,10.0,4.7,mwr,"183 km WSW of Port McNeill, Canada",us,Mwr,14.0,6200000000000000.0,-1.02e+16,5500000000000000.0,2200000000000000.0,-4100000000000000.0,-7300000000000000.0,210.0,63.0,28.0
usp000gfqy,2008-08-27T19:59:22.570000+00:00,50.19,-129.811,10.0,5.0,mwc,"198 km WSW of Port McNeill, Canada",us,Mwc,15.5,-7800000000000000.0,-2.96e+16,3.74e+16,1.91e+16,-1.01e+16,2.23e+16,238.0,67.0,-17.0
usp000gfr2,2008-08-27T20:17:35.100000+00:00,50.228,-130.035,10.0,5.4,mwc,"213 km WSW of Port McNeill, Canada",us,Mwc,15.1,-4000000000000000.0,-9.7e+16,1.01e+17,4.9e+16,-1.9e+16,1.02e+17,339.0,76.0,-167.0
usp000gfrd,2008-08-27T21:52:35.140000+00:00,50.146,-129.524,10.0,4.8,mwr,"180 km WSW of Port McNeill, Canada",us,Mwr,8.0,-2200000000000000.0,-1.41e+16,1.63e+16,-2600000000000000.0,-5800000000000000.0,1800000000000000.0,137.0,70.0,176.0
usp000gfrf,2008-08-27T22:12:38.470000+00:00,50.082,-129.59,10.0,5.1,mwc,"186 km WSW of Port McNeill, Canada",us,Mwc,12.0,-5100000000000000.0,-4.85e+16,5.36e+16,1.17e+16,3600000000000000.0,1.55e+16,324.0,77.0,-174.0
usp000gfrj,2008-08-27T22:45:33.700000+00:00,50.097,-129.533,10.0,4.6,mwr,"182 km WSW of Port McNeill, Canada",us,Mwr,8.0,30000000000000.0,-7090000000000000.0,7060000000000000.0,-3110000000000000.0,-5050000000000000.0,1930000000000000.0,139.0,54.0,174.0
usp000gfrm,2008-08-27T23:40:06.370000+00:00,50.242,-129.625,10.0,4.6,mwr,"184 km WSW of Port McNeill, Canada",us,Mwr,7.0,-7410000000000000.0,880000000000000.0,6540000000000000.0,1020000000000000.0,-4940000000000000.0,1380000000000000.0,203.0,29.0,-69.0
usp000gfru,2008-08-28T00:22:31.370000+00:00,49.94,-129.875,10.0,4.5,mwr,"211 km WSW of Port McNeill, Canada",us,Mwr,12.0,-230000000000000.0,-6240000000000000.0,6480000000000000.0,3340000000000000.0,-2430000000000000.0,60000000000000.0,224.0,58.0,-4.0
usp000gfry,2008-08-28T01:15:15.400000+00:00,50.136,-129.667,10.0,5.0,mwc,"190 km WSW of Port McNeill, Canada",us,Mwc,14.3,-500000000000000.0,-4.07e+16,4.12e+16,-5800000000000000.0,6400000000000000.0,1900000000000000.0,46.0,78.0,0.0
usp000gfs1,2008-08-28T01:58:35.110000+00:00,50.147,-129.596,10.0,5.0,mwr,"185 km WSW of Port McNeill, Canada",us,Mwr,10.0,-2300000000000000.0,-2.31e+16,2.54e+16,-1.54e+16,-2.12e+16,9700000000000000.0,142.0,46.0,179.0
usp000gfsc,2008-08-28T03:15:45.520000+00:00,50.139,-129.729,10.0,4.7,mwr,"194 km WSW of Port McNeill, Canada",us,Mwr,7.0,-2310000000000000.0,-6620000000000000.0,8930000000000000.0,4320000000000000.0,-6960000000000000.0,1480000000000000.0,229.0,42.0,-10.0
usp000gfsw,2008-08-28T04:47:53.470000+00:00,50.127,-129.699,10.0,4.8,mwc,"192 km WSW of Port McNeill, Canada",us,Mwc,12.0,3100000000000000.0,-1.83e+16,1.52e+16,-5200000000000000.0,-100000000000000.0,5900000000000000.0,145.0,78.0,-175.0
usp000gftd,2008-08-28T06:42:21.550000+00:00,50.227,-129.548,10.0,4.4,mwr,"179 km WSW of Port McNeill, Canada",us,Mwr,12.0,-250000000000000.0,-4470000000000000.0,4800000000000000.0,940000000000000.0,-1400000000000000.0,-180000000000000.0,224.0,71.0,2.0
usp000gfth,2008-08-28T07:28:52.530000+00:00,50.204,-129.456,10.0,4.5,mwr,"173 km WSW of Port McNeill, Canada",us,Mwr,12.0,-250000000000000.0,-5990000000000000.0,7500000000000000.0,1150000000000000.0,-3580000000000000.0,-800000000000000.0,224.0,67.0,8.0
usp000gftw,2008-08-28T09:20:30.510000+00:00,50.147,-129.679,10.0,5.0,mwc,"190 km WSW of Port McNeill, Canada",us,Mwc,16.8,-6400000000000000.0,-3.05e+16,3.69e+16,-6800000000000000.0,1.21e+16,-1.24e+16,36.0,72.0,3.0
usp000gfug,2008-08-28T12:37:35.070000+00:00,50.165,-129.628,12.0,5.9,mwc,"186 km WSW of Port McNeill, Canada",us,Mwc,12.0,3.6e+16,-8.72e+17,8.37e+17,5.7e+16,9.8e+16,-5.9e+16,313.0,83.0,178.0
usp000gg49,2008-09-01T01:19:13.720000+00:00,50.229,-129.759,10.0,4.2,mwr,"194 km WSW of Port McNeill, Canada",us,Mwr,9.0,-280000000000000.0,-2200000000000000.0,2590000000000000.0,-420000000000000.0,-840000000000000.0,770000000000000.0,143.0,73.0,175.0
usp000gggj,2008-09-06T01:10:20.670000+00:00,49.791,-130.113,10.0,5.2,mwc,"233 km WSW of Port McNeill, Canada",us,Mwc,14.6,2900000000000000.0,-5.54e+16,5.26e+16,1.5e+16,-1.24e+16,4.85e+16,245.0,77.0,-5.0
usp000gghg,2008-09-06T11:25:57.830000+00:00,49.869,-130.084,10.0,5.0,mwc,"228 km WSW of Port McNeill, Canada",us,Mwc,12.8,5400000000000000.0,-3e+16,2.45e+16,-5300000000000000.0,-4900000000000000.0,2.57e+16,156.0,79.0,174.0
usp000ggwj,2008-09-11T23:13:35.600000+00:00,47.921,-128.438,10.0,5.1,mwc,"231 km SW of Tofino, Canada",us,Mwc,12.0,2300000000000000.0,-4.75e+16,4.53e+16,-1.55e+16,5900000000000000.0,-4600000000000000.0,41.0,72.0,-5.0
usp000ggwm,2008-09-11T23:26:19.340000+00:00,47.24,-129.14,10.0,5.2,mwc,off the coast of Washington,us,Mwc,12.0,4600000000000000.0,-7.23e+16,6.77e+16,-2.86e+16,1e+16,-1.89e+16,36.0,69.0,-4.0
usp000gjc2,2008-10-05T05:23:13.640000+00:00,49.149,-127.422,10.0,4.2,mwr,"110 km W of Tofino, Canada",us,Mwr,11.0,-470000000000000.0,-1990000000000000.0,2270000000000000.0,420000000000000.0,-500000000000000.0,-10000000000000.0,225.0,72.0,-3.0
usp000gkyz,2008-10-24T21:39:18.210000+00:00,49.904,-130.075,10.0,4.4,mwr,"226 km WSW of Port McNeill, Canada",us,Mwr,5.0,920000000000000.0,-5520000000000000.0,4450000000000000.0,-650000000000000.0,-2590000000000000.0,370000000000000.0,134.0,66.0,163.0
nc71011617,2008-10-26T09:27:22.340000+00:00,40.3368333,-124.6288333,20.827,4.9,mw,"40 km SW of Ferndale, California",nc,smi:nc.anss.org/momentTensor/TDMT,18.0,-32960000000000.0,-1.266e+16,1.269e+16,4452000000000000.0,-5641000000000000.0,-3.012e+16,,,
nc51211113,2008-11-13T05:03:54.140000+00:00,40.4418333,-125.2755,19.265,4.0,mw,"87 km W of Ferndale, California",nc,smi:nc.anss.org/momentTensor/TDMT,24.0,-45560000000000.0,-274400000000000.0,320000000000000.0,239600000000000.0,-121400000000000.0,-1199000000000000.0,,,
usp000gnn5,2008-11-14T01:48:37.110000+00:00,43.5,-127.393,10.0,5.3,mwc,"245 km W of Bandon, Oregon",us,Mwc,13.7,-3500000000000000.0,-8.45e+16,8.8e+16,-2.2e+16,-1.46e+16,-9.15e+16,112.0,80.0,-173.0
nc51211307,2008-11-16T05:43:15.590000+00:00,40.3138333,-124.6026667,18.887,4.6,mw,"40 km SW of Ferndale, California",nc,smi:nc.anss.org/momentTensor/TDMT,18.0,570800000000000.0,-2863000000000000.0,2292000000000000.0,1934000000000000.0,-1922000000000000.0,-9226000000000000.0,,,
usp000gpm2,2008-11-28T13:42:18.680000+00:00,40.348,-126.978,10.0,5.9,mwc,"231 km W of Ferndale, California",us,Mwc,22.8,-1.5e+17,6e+16,8e+16,-9e+16,1e+17,-1.02e+18,270.0,85.0,176.0
usp000greb,2008-12-25T08:11:58.790000+00:00,49.128,-128.621,10.0,5.8,mwc,"191 km WSW of Vernon, Canada",us,Mwc,12.0,-7.7e+16,-6.28e+17,7.05e+17,-3.4e+16,3.1e+16,-5.7e+16,43.0,86.0,-1.0
usp000grec,2008-12-25T08:18:38.110000+00:00,48.849,-128.934,10.0,4.6,mwr,"224 km W of Tofino, Canada",us,Mwr,16.0,-5320000000000000.0,-2910000000000000.0,8670000000000000.0,-1880000000000000.0,3070000000000000.0,2010000000000000.0,39.0,43.0,-44.0
usp000gree,2008-12-25T08:42:41.850000+00:00,49.21,-128.357,10.0,4.7,mwr,"170 km WSW of Vernon, Canada",us,Mwr,25.0,-3000000000000000.0,-7500000000000000.0,1.12e+16,-5300000000000000.0,-3000000000000000.0,1000000000000000.0,143.0,56.0,-164.0
nc51213957,2008-12-26T12:19:40.020000+00:00,39.9598333,-120.8688333,-1.668,4.5,mw,"3 km NE of East Quincy, California",nc,smi:nc.anss.org/momentTensor/TDMT,5.0,-1562000000000000.0,-4664000000000000.0,6227000000000000.0,1796000000000000.0,1121000000000000.0,-1361000000000000.0,,,
nc51214595,2009-01-04T17:27:10.480000+00:00,38.7823333,-122.7725,3.816,4.27,mw,"6 km SW of Cobb, California",nc,smi:nc.anss.org/momentTensor/TMTS,5.0,-311500000000000.0,-661600000000000.0,973200000000000.0,-873900000000000.0,-347000000000000.0,2960000000000000.0,,,
usp000gsj7,2009-01-13T18:19:48.910000+00:00,49.064,-128.915,13.7,4.6,mwr,"213 km WSW of Vernon, Canada",us,Mwr,14.0,630000000000000.0,-7350000000000000.0,7260000000000000.0,-1480000000000000.0,-5030000000000000.0,-4330000000000000.0,118.0,59.0,174.0
uw10763723,2009-01-30T13:25:03.760000+00:00,47.7865,-122.5846667,62.24,4.67,ml,"6 km ESE of Lofall, Washington",us,Mwr,50.0,-960000000000000.0,8490000000000000.0,-7500000000000000.0,-1200000000000000.0,2060000000000000.0,0.0,208.0,78.0,-171.0
uw10762533,2009-02-26T09:52:47.540000+00:00,42.5413333,-123.896,36.796,4.24,md,"37 km NW of Selma, Oregon",us,Mwr,43.0,-1510000000000000.0,1050000000000000.0,460000000000000.0,850000000000000.0,-1590000000000000.0,-910000000000000.0,325.0,70.0,-75.0
usp000gw6t,2009-04-16T04:18:32.020000+00:00,44.19,-129.274,10.0,5.0,mwc,off the coast of Oregon,us,Mwc,20.2,-1600000000000000.0,-2.73e+16,2.89e+16,-1.51e+16,1e+16,-2.62e+16,24.0,65.0,2.0
nc51220943,2009-05-03T17:54:05.210000+00:00,40.7491667,-124.1638333,20.257,4.17,mw,"2 km NNW of Pine Hills, California",nc,smi:nc.anss.org/momentTensor/TMTS,30.0,-498600000000000.0,-1639000000000000.0,2138000000000000.0,-254500000000000.0,85850000000000.0,1096000000000000.0,,,
usp000gxmq,2009-05-29T03:35:15.050000+00:00,40.355,-127.071,10.0,4.0,mwr,"239 km W of Ferndale, California",us,Mwr,30.0,-630000000000000.0,690000000000000.0,-60000000000000.0,440000000000000.0,-90000000000000.0,-1100000000000000.0,267.0,75.0,-147.0
usp000gz2z,2009-07-10T00:31:25.040000+00:00,44.53,-129.929,10.0,5.3,mwc,off the coast of Oregon,us,Mwc,12.0,-1.65e+16,-7.63e+16,9.29e+16,-6100000000000000.0,1.81e+16,-7.07e+16,295.0,84.0,175.0
usp000h01p,2009-08-06T22:39:37.890000+00:00,50.516,-130.374,10.0,4.2,mwr,"233 km W of Port McNeill, Canada",us,Mwr,6.0,-1880000000000000.0,-1180000000000000.0,2130000000000000.0,-670000000000000.0,-100000000000000.0,270000000000000.0,157.0,51.0,-132.0
nc71261376,2009-08-07T10:49:34.720000+00:00,40.3098333,-124.637,16.257,4.92,mw,"43 km SW of Ferndale, California",nc,smi:nc.anss.org/momentTensor/TMTS,21.0,562200000000000.0,-1.614e+16,1.558e+16,2471000000000000.0,284500000000000.0,-2.465e+16,,,
usp000h109,2009-08-29T10:11:14.890000+00:00,43.885,-128.679,10.0,5.1,mwc,off the coast of Oregon,us,Mwc,12.0,-5.67e+16,0.0,5.68e+16,1.43e+16,-100000000000000.0,4500000000000000.0,351.0,46.0,-109.0
usp000h10a,2009-08-29T10:24:08+00:00,44.024,-128.38,10.0,5.0,mwc,off the coast of Oregon,us,Mwc,18.9,-3.63e+16,5800000000000000.0,3.05e+16,400000000000000.0,-4400000000000000.0,3700000000000000.0,190.0,41.0,-88.0
usp000h10f,2009-08-29T13:05:55.530000+00:00,44.012,-128.303,10.0,4.8,mwc,off the coast of Oregon,us,Mwc,17.0,-2.08e+16,1300000000000000.0,1.95e+16,5900000000000000.0,1900000000000000.0,1600000000000000.0,352.0,43.0,-110.0
usp000h27x,2009-10-02T09:17:12.690000+00:00,40.487,-126.507,10.0,4.7,mwr,"190 km W of Ferndale, California",us,Mwr,24.0,-600000000000000.0,-1300000000000000.0,1900000000000000.0,4400000000000000.0,-1500000000000000.0,-1.23e+16,93.0,87.0,160.0
usp000h2td,2009-10-12T11:10:03.550000+00:00,50.469,-130.201,10.0,4.4,mwr,"221 km W of Port McNeill, Canada",us,Mwr,11.0,0.0,-3960000000000000.0,3560000000000000.0,-470000000000000.0,-2230000000000000.0,1560000000000000.0,143.0,72.0,162.0
nc71304850,2009-11-04T02:16:56.180000+00:00,40.4618333,-125.6601667,15.112,4.17,mw,"119 km W of Ferndale, California",nc,smi:nc.anss.org/momentTensor/TMTS,18.0,-2820000000000.0,-657900000000000.0,660700000000000.0,132300000000000.0,-720000000000000.0,-2002000000000000.0,,,
usp000h3r2,2009-11-04T12:38:28.740000+00:00,43.407,-126.814,10.0,5.3,mwc,"197 km W of Bandon, Oregon",us,Mwc,12.9,-2.79e+16,-6.24e+16,9.02e+16,-1.45e+16,-9400000000000000.0,-8.06e+16,112.0,80.0,-171.0
usp000h525,2009-12-15T03:34:06.070000+00:00,43.934,-128.505,10.0,4.7,mwc,off the coast of Oregon,us,Mwc,12.0,-1.55e+16,2100000000000000.0,1.35e+16,-2100000000000000.0,-2500000000000000.0,4900000000000000.0,196.0,40.0,-96.0
usp000h59m,2009-12-23T08:08:31.980000+00:00,50.549,-130.365,10.0,4.2,mwr,"232 km W of Port McNeill, Canada",us,Mwr,12.0,730000000000000.0,-2200000000000000.0,1710000000000000.0,-840000000000000.0,-700000000000000.0,1420000000000000.0,151.0,64.0,168.0
nc71330090,2010-01-04T14:24:54.440000+00:00,40.2773333,-123.8685,29.763,4.12,mw,"1 km N of Myers Flat, California",nc,smi:nc.anss.org/momentTensor/TMTS,30.0,-38230000000000.0,-1865000000000000.0,1903000000000000.0,-102900000000000.0,-314300000000000.0,7030000000000.0,,,
nc71338066,2010-01-10T00:27:39.320000+00:00,40.652,-124.6925,28.737,6.5,mw,"The 2010 Eureka, California Earthquake",nc,smi:nc.anss.org/momentTensor/TMTS,24.0,3.561e+17,-7.014e+18,6.658e+18,-7.668e+17,-1.15e+18,1.043e+18,,,
nc71338171,2010-01-10T02:21:39.240000+00:00,40.6086667,-124.7828333,20.38,4.41,mw,"44 km W of Ferndale, California",nc,smi:nc.anss.org/momentTensor/TMTS,11.0,1543000000000000.0,-3817000000000000.0,2274000000000000.0,-1710000000000000.0,-3679000000000000.0,147500000000000.0,,,
nc71338301,2010-01-10T06:32:17.020000+00:00,40.3086667,-124.632,16.52,4.12,mw,"43 km SW of Ferndale, California",nc,smi:nc.anss.org/momentTensor/TMTS,21.0,-53020000000000.0,-1093000000000000.0,1146000000000000.0,199400000000000.0,204700000000000.0,-1513000000000000.0,,,
nc71338851,2010-01-11T06:44:37.890000+00:00,40.4626667,-124.8486667,23.561,4.05,mw,"51 km WSW of Ferndale, California",nc,smi:nc.anss.org/momentTensor/TMTS,11.0,190200000000000.0,-1282000000000000.0,1091000000000000.0,-26580000000000.0,-186400000000000.0,-894100000000000.0,,,
usp000h60g,2010-01-12T21:51:45.060000+00:00,48.67,-128.889,10.0,4.4,mwr,"225 km WSW of Tofino, Canada",us,Mwr,10.0,30000000000000.0,-4470000000000000.0,4310000000000000.0,30000000000000.0,-2770000000000000.0,-1950000000000000.0,120.0,67.0,167.0
nc71348851,2010-02-04T20:20:21.970000+00:00,40.4123333,-124.9613333,23.048,5.88,mw,"61 km WSW of Ferndale, California",nc,smi:nc.anss.org/momentTensor/TMTS,24.0,6.724e+16,-7.817e+17,7.145e+17,8193000000000000.0,-1.803e+17,-3.032e+17,,,
nc71359410,2010-03-06T08:46:23.810000+00:00,40.3198333,-124.7333333,12.397,4.53,mw,"48 km SW of Ferndale, California",nc,smi:nc.anss.org/momentTensor/TMTS,18.0,252400000000000.0,-3907000000000000.0,3655000000000000.0,1125000000000000.0,-1176000000000000.0,-6510000000000000.0,,,
usp000h99x,2010-03-13T04:53:39.910000+00:00,44.218,-129.355,10.0,5.0,mwc,off the coast of Oregon,us,Mwc,12.0,-3.98e+16,4700000000000000.0,3.51e+16,-1400000000000000.0,4900000000000000.0,-1.43e+16,338.0,41.0,-91.0
nc71382461,2010-04-15T08:36:06.630000+00:00,40.2703333,-125.7648333,29.102,4.52,mw,"131 km WSW of Ferndale, California",nc,smi:nc.anss.org/momentTensor/TMTS,24.0,481400000000000.0,440700000000000.0,-922100000000000.0,4815000000000000.0,245700000000000.0,-5580000000000000.0,,,
usp000hcf0,2010-05-07T17:46:13.940000+00:00,44.362,-129.467,10.0,5.5,mwb,off the coast of Oregon,us,Mwc,14.9,-2.6e+16,-1.71e+17,1.97e+17,-1000000000000000.0,4000000000000000.0,-1.02e+17,31.0,89.0,1.0
usp000hcf5,2010-05-07T18:41:54.300000+00:00,44.403,-129.523,10.0,5.1,mwc,off the coast of Oregon,us,Mwc,12.6,5600000000000000.0,-4.75e+16,4.19e+16,-2.34e+16,2.24e+16,-2.98e+16,31.0,60.0,9.0
usp000hcff,2010-05-07T20:02:18.840000+00:00,44.416,-129.481,10.0,5.0,mwc,off the coast of Oregon,us,Mwc,12.6,300000000000000.0,-3.73e+16,3.7e+16,-1.95e+16,5200000000000000.0,-1.49e+16,32.0,65.0,-6.0
usp000hcpr,2010-05-13T05:35:12.200000+00:00,42.263,-126.499,10.0,5.3,mwc,"171 km W of Gold Beach, Oregon",us,Mwc,14.7,-9800000000000000.0,-8.31e+16,9.29e+16,2.16e+16,-6100000000000000.0,5.74e+16,332.0,81.0,-171.0
nc71409946,2010-06-05T09:05:26.140000+00:00,40.3953333,-125.4646667,25.664,4.25,mw,"103 km WSW of Ferndale, California",nc,smi:nc.anss.org/momentTensor/TMTS,11.0,366600000000000.0,-722200000000000.0,355600000000000.0,691200000000000.0,-656800000000000.0,-2681000000000000.0,,,
uw10803078,2010-06-17T14:23:24.520000+00:00,46.1088333,-120.743,2.609,4.2,md,"30 km S of White Swan, Washington",us,Mwr,8.0,272000000000000.0,-430000000000000.0,158000000000000.0,-177000000000000.0,95000000000000.0,-367000000000000.0,26.0,56.0,26.0
usp000hev5,2010-07-03T13:14:44+00:00,50.42,-130.36,10.0,4.9,mwc,"232 km W of Port McNeill, Canada",us,Mwc,22.0,100000000000000.0,-2.38e+16,2.37e+16,-2300000000000000.0,3800000000000000.0,4500000000000000.0,51.0,80.0,1.0
usp000hfz8,2010-07-19T17:15:04.560000+00:00,49.46,-130.047,10.0,5.4,mwc,"246 km WSW of Port McNeill, Canada",us,Mwc,15.1,2000000000000000.0,-1.37e+17,1.35e+17,4.8e+16,1.7e+16,5.4e+16,327.0,72.0,-176.0
usp000hgut,2010-07-26T08:43:25.340000+00:00,50.178,-129.932,10.0,4.6,mwr,"207 km WSW of Port McNeill, Canada",us,Mwr,8.0,-850000000000000.0,-4740000000000000.0,9420000000000000.0,-5230000000000000.0,-3760000000000000.0,4370000000000000.0,152.0,51.0,-172.0
usp000hh0t,2010-07-28T16:12:05.610000+00:00,43.756,-125.815,10.0,5.2,mwc,"129 km WNW of Barview, Oregon",us,Mwc,12.0,-2.33e+16,-3.63e+16,5.97e+16,-2.14e+16,-4600000000000000.0,-5.02e+16,19.0,70.0,-17.0
nc71442000,2010-08-16T12:05:17.110000+00:00,40.7711667,-125.1471667,22.849,4.37,mw,"77 km WNW of Ferndale, California",nc,smi:nc.anss.org/momentTensor/TMTS,14.0,261300000000000.0,-4528000000000000.0,4266000000000000.0,-214800000000000.0,-588500000000000.0,-858000000000000.0,,,
usp000hjb7,2010-08-17T11:37:57.680000+00:00,50.839,-129.948,13.6,4.6,mwr,"203 km W of Port McNeill, Canada",us,Mwr,14.0,-110000000000000.0,-6340000000000000.0,7900000000000000.0,-4630000000000000.0,-2450000000000000.0,3120000000000000.0,148.0,56.0,-176.0
usp000hkz4,2010-09-20T04:05:06.930000+00:00,44.665,-130.104,10.0,4.8,mwc,off the coast of Oregon,us,Mwc,17.6,-2.2e+16,1.32e+16,8800000000000000.0,-3200000000000000.0,-2900000000000000.0,-1.27e+16,322.0,45.0,-74.0
usp000hmfz,2010-10-02T07:51:52.970000+00:00,44.614,-129.827,10.0,4.8,mwc,off the coast of Oregon,us,Mwc,28.0,2800000000000000.0,-1.31e+16,1.03e+16,-1.18e+16,2300000000000000.0,-1.39e+16,20.0,56.0,3.0
usp000hmj6,2010-10-03T15:25:57.290000+00:00,49.483,-128.966,10.0,4.3,mwr,"182 km SW of Port McNeill, Canada",us,Mwr,9.0,250000000000000.0,-2690000000000000.0,2700000000000000.0,480000000000000.0,-1840000000000000.0,-650000000000000.0,222.0,66.0,16.0
usp000hmk3,2010-10-04T05:56:16.870000+00:00,49.447,-129.086,10.0,4.7,mwr,"191 km SW of Port McNeill, Canada",us,Mwr,19.0,5800000000000000.0,-1.52e+16,1.13e+16,4500000000000000.0,-7200000000000000.0,300000000000000.0,230.0,56.0,18.0
usp000hmkr,2010-10-04T14:51:54.540000+00:00,49.357,-129.315,10.0,5.3,mwc,"210 km SW of Port McNeill, Canada",us,Mwc,16.1,-2.55e+16,-6.95e+16,9.5e+16,1.84e+16,-8.24e+16,1.59e+16,233.0,42.0,-10.0
nc71464510,2010-10-05T15:15:27.670000+00:00,40.9511667,-124.8036667,23.55,4.39,mw,"54 km WNW of Samoa, California",nc,smi:nc.anss.org/momentTensor/TMTS,24.0,822200000000000.0,-4962000000000000.0,4139000000000000.0,171200000000000.0,-879300000000000.0,1073000000000000.0,,,
usp000hmxx,2010-10-10T08:35:35.940000+00:00,50.519,-130.303,10.0,4.1,mwr,"228 km W of Port McNeill, Canada",us,Mwr,9.0,-750000000000000.0,10000000000000.0,750000000000000.0,-900000000000000.0,80000000000000.0,1070000000000000.0,180.0,49.0,-152.0
usp000hmys,2010-10-11T01:21:05.550000+00:00,50.712,-130.444,10.0,4.3,mwr,"237 km W of Port McNeill, Canada",us,Mwr,12.0,-420000000000000.0,-2100000000000000.0,3250000000000000.0,260000000000000.0,-300000000000000.0,1150000000000000.0,236.0,81.0,-4.0
usp000hn20,2010-10-13T10:50:23.890000+00:00,41.936,-127.038,10.0,4.8,mwc,"221 km W of Pistol River, Oregon",us,Mwc,20.9,-1.82e+16,2800000000000000.0,1.55e+16,-5300000000000000.0,-2300000000000000.0,200000000000000.0,169.0,42.0,-110.0
nc71481596,2010-10-31T01:02:06.160000+00:00,38.644,-119.5706667,5.761,4.28,mw,"5 km WNW of Topaz, California",nc,smi:nc.anss.org/momentTensor/TMTS,14.0,-132100000000000.0,-3042000000000000.0,3174000000000000.0,451700000000000.0,315200000000000.0,931800000000000.0,,,
usp000hppt,2010-11-15T12:19:17.190000+00:00,47.89,-129.146,10.0,4.2,mwr,"277 km WSW of Tofino, Canada",us,Mwr,10.0,-1980000000000000.0,-700000000000000.0,2680000000000000.0,10000000000000.0,-710000000000000.0,980000000000000.0,205.0,38.0,-75.0
uw10807528,2010-11-16T15:51:08.800000+00:00,46.556,-122.432,14.068,4.2,md,"5 km NE of Mossyrock, Washington",us,Mwr,15.0,570000000000000.0,-1180000000000000.0,610000000000000.0,-790000000000000.0,-640000000000000.0,380000000000000.0,245.0,75.0,50.0
usp000hpyc,2010-11-21T23:46:35.050000+00:00,43.571,-127.23,10.0,5.0,mwc,"234 km WNW of Bandon, Oregon",us,Mwc,21.0,-2800000000000000.0,-3.13e+16,3.41e+16,-6700000000000000.0,3200000000000000.0,-2.6e+16,26.0,80.0,-1.0
usp000hsk7,2011-01-04T20:20:01.430000+00:00,50.399,-130.255,10.0,4.2,mwr,"225 km W of Port McNeill, Canada",us,Mwr,9.0,260000000000000.0,-2890000000000000.0,2400000000000000.0,-410000000000000.0,-840000000000000.0,90000000000000.0,135.0,71.0,171.0
usp000htt5,2011-01-29T07:58:28.690000+00:00,50.624,-130.424,10.0,4.7,mwr,"236 km W of Port McNeill, Canada",us,Mwr,7.0,-8580000000000000.0,8160000000000000.0,970000000000000.0,-7890000000000000.0,-5960000000000000.0,460000000000000.0,279.0,24.0,-56.0
usp000hu0k,2011-02-03T07:52:17.790000+00:00,50.748,-130.298,10.0,4.6,mwr,"227 km W of Port McNeill, Canada",us,Mwr,16.0,1500000000000000.0,-1.04e+16,9800000000000000.0,-1600000000000000.0,-2000000000000000.0,-3400000000000000.0,126.0,76.0,178.0
usp000hu7s,2011-02-08T07:44:36.820000+00:00,43.719,-127.731,10.0,4.8,mwc,"277 km WNW of Bandon, Oregon",us,Mwc,15.6,1800000000000000.0,-1.54e+16,1.37e+16,-6100000000000000.0,6800000000000000.0,-1.34e+16,26.0,68.0,10.0
usp000hu8d,2011-02-08T22:02:01.870000+00:00,43.541,-127.313,10.0,5.4,mwc,"240 km W of Bandon, Oregon",us,Mwc,18.3,-6000000000000000.0,-9.6e+16,1.02e+17,-1.3e+16,-1.4e+16,-1.06e+17,112.0,83.0,-177.0
uw10816153,2011-02-14T18:35:25.730000+00:00,46.2816667,-122.2136667,4.298,4.3,md,"31 km S of Morton, Washington",us,Mwr,7.0,-253000000000000.0,-235000000000000.0,488000000000000.0,-73000000000000.0,-142000000000000.0,564000000000000.0,163.0,85.0,173.0
nc71527390,2011-02-23T04:49:41.510000+00:00,39.4993333,-122.9488333,11.431,4.29,mw,"24 km NE of Potter Valley, California",nc,smi:nc.anss.org/momentTensor/TMTS,14.0,-636000000000000.0,-2184000000000000.0,2820000000000000.0,206800000000000.0,-1010000000000000.0,2087000000000000.0,,,
nc71048354,2011-02-23T04:50:14.360000+00:00,39.4938333,-122.9565,9.941,4.21,mw,"23 km NE of Potter Valley, California",nc,smi:nc.anss.org/momentTensor/TMTS,14.0,-514500000000000.0,-1566000000000000.0,2080000000000000.0,-208700000000000.0,-363900000000000.0,1722000000000000.0,,,
nc71530230,2011-03-01T02:19:47.010000+00:00,38.8153333,-122.82,2.269,4.43,mw,"8 km W of Cobb, California",nc,smi:nc.anss.org/momentTensor/TMTS,3.5,-3996000000000000.0,-2005000000000000.0,6001000000000000.0,1270000000000000.0,-701000000000000.0,1035000000000000.0,,,
usp000hv9a,2011-03-03T03:54:59.910000+00:00,50.243,-130.23,10.0,4.5,mwr,"226 km W of Port McNeill, Canada",us,Mwr,5.0,3270000000000000.0,-4970000000000000.0,1190000000000000.0,-6990000000000000.0,-580000000000000.0,840000000000000.0,117.0,17.0,120.0
nc71538646,2011-03-06T13:46:37.910000+00:00,40.4038333,-125.363,24.467,4.54,mw,"95 km WSW of Ferndale, California",nc,smi:nc.anss.org/momentTensor/TMTS,24.0,1607000000000000.0,-2565000000000000.0,958000000000000.0,2182000000000000.0,-562700000000000.0,-7397000000000000.0,,,
usp000hvf1,2011-03-06T21:35:47.420000+00:00,44.373,-129.376,10.0,5.0,mwc,off the coast of Oregon,us,Mwc,12.0,-3.85e+16,5100000000000000.0,3.34e+16,-500000000000000.0,1.41e+16,-2.47e+16,318.0,38.0,-108.0
usp000hvf2,2011-03-06T22:23:15.580000+00:00,44.289,-129.432,10.0,5.0,mwc,off the coast of Oregon,us,Mwc,12.9,-2.89e+16,5800000000000000.0,2.31e+16,1.1e+16,1.08e+16,-1.74e+16,305.0,47.0,-126.0
usp000hvg9,2011-03-08T01:26:58.190000+00:00,44.318,-129.446,10.0,5.1,mwc,off the coast of Oregon,us,Mwc,12.0,-4.69e+16,1.33e+16,3.36e+16,1.2e+16,-7500000000000000.0,-2.73e+16,153.0,38.0,-78.0
usp000hy0e,2011-03-20T04:20:35.280000+00:00,49.665,-128.621,10.0,4.6,mwr,"150 km SW of Port McNeill, Canada",us,Mwr,7.0,-6510000000000000.0,-1950000000000000.0,6860000000000000.0,-4220000000000000.0,-5840000000000000.0,-3220000000000000.0,133.0,38.0,-144.0
usp000j20v,2011-05-22T07:21:38.190000+00:00,43.525,-127.034,10.0,4.9,mwc,"217 km W of Bandon, Oregon",us,Mwc,19.9,-1100000000000000.0,-1.95e+16,2.06e+16,-8500000000000000.0,2600000000000000.0,-1.72e+16,24.0,72.0,-3.0
usp000j3cc,2011-06-18T10:49:11.370000+00:00,41.88,-126.997,10.0,5.2,mwc,"219 km WSW of Pistol River, Oregon",us,Mwc,12.0,-8.01e+16,-2700000000000000.0,8.28e+16,7300000000000000.0,-3.73e+16,-7900000000000000.0,177.0,33.0,-86.0
usp000j60r,2011-08-05T15:10:03.930000+00:00,44.13,-128.909,10.0,4.8,mwc,off the coast of Oregon,us,Mwc,17.4,-1.95e+16,-900000000000000.0,2.04e+16,-2100000000000000.0,2900000000000000.0,-3000000000000000.0,357.0,41.0,-82.0
nc71619485,2011-08-14T19:27:06.240000+00:00,41.027,-125.1661667,20.594,4.1,mw,"85 km WNW of Samoa, California",nc,smi:nc.anss.org/momentTensor/TMTS,18.0,137500000000000.0,-1505000000000000.0,1367000000000000.0,541000000000000.0,-314800000000000.0,-858500000000000.0,,,
usp000j7bq,2011-09-01T02:06:23.340000+00:00,43.558,-127.27,10.0,4.8,mwc,"237 km W of Bandon, Oregon",us,Mwc,23.9,1900000000000000.0,-1.96e+16,1.77e+16,-7200000000000000.0,-1200000000000000.0,-9000000000000000.0,31.0,78.0,-10.0
usp000j7ur,2011-09-09T19:41:34.150000+00:00,49.535,-126.893,22.0,6.4,mww,"66 km SW of Vernon, Canada",us,Mww,19.0,-1.68e+18,-1.28e+18,2.95e+18,1.05e+18,-1.81e+18,3.89e+18,252.0,61.0,-17.0
usp000j7ye,2011-09-12T09:37:25.520000+00:00,50.58,-130.345,10.0,4.6,mwr,"230 km W of Port McNeill, Canada",us,Mwr,12.0,-200000000000000.0,-7400000000000000.0,1.02e+16,-2600000000000000.0,-3700000000000000.0,2600000000000000.0,142.0,65.0,178.0
usp000j82x,2011-09-15T11:02:09.100000+00:00,49.421,-127.194,35.2,4.1,mwr,"90 km SW of Vernon, Canada",us,Mwr,14.0,-340000000000000.0,-1080000000000000.0,1660000000000000.0,400000000000000.0,-440000000000000.0,650000000000000.0,236.0,66.0,-12.0
usp000j8bm,2011-09-21T04:36:58.990000+00:00,48.928,-129.355,10.0,4.5,mwr,"246 km SW of Port McNeill, Canada",us,Mwr,18.0,2950000000000000.0,-6740000000000000.0,4350000000000000.0,-330000000000000.0,-2440000000000000.0,-910000000000000.0,124.0,63.0,155.0
nn00349954,2011-10-01T07:07:00.547000+00:00,38.8967,-118.7657,3.9,4.8,ml,"7 km SSE of Schurz, Nevada",us,Mwr,9.0,-450000000000000.0,-1260000000000000.0,1710000000000000.0,-360000000000000.0,300000000000000.0,840000000000000.0,58.0,72.0,-11.0
usp000j95r,2011-10-10T05:39:23.700000+00:00,50.49,-130.36,10.0,4.4,mwr,"232 km W of Port McNeill, Canada",us,Mwr,8.0,-3450000000000000.0,-1680000000000000.0,4970000000000000.0,-2220000000000000.0,-1470000000000000.0,700000000000000.0,157.0,43.0,-138.0
usp000j99k,2011-10-13T04:14:00.510000+00:00,43.462,-127.135,20.6,5.6,mwc,"224 km W of Bandon, Oregon",us,Mwc,13.7,-2.4e+16,-1.59e+17,1.83e+17,-8.1e+16,-3.7e+16,-1.83e+17,113.0,76.0,-166.0
nc71671056,2011-10-27T06:37:09.340000+00:00,39.6055,-120.4715,11.974,4.73,mw,"3 km WSW of Sattley, California",nc,smi:nc.anss.org/momentTensor/TMTS,14.0,-339100000000000.0,-1.398e+16,1.432e+16,2314000000000000.0,4801000000000000.0,3485000000000000.0,,,
uw10831488,2011-11-18T13:09:00.980000+00:00,48.4693333,-119.6075,11.168,4.6,md,"8 km WSW of Riverside, Washington",us,Mwr,13.0,1110000000000000.0,-1180000000000000.0,70000000000000.0,380000000000000.0,350000000000000.0,350000000000000.0,85.0,55.0,65.0
usp000jban,2011-11-23T23:02:41+00:00,50.45,-130.13,10.0,5.0,mwc,"216 km W of Port McNeill, Canada",us,Mwc,21.4,-4500000000000000.0,-3.32e+16,3.77e+16,2300000000000000.0,3900000000000000.0,1.09e+16,323.0,84.0,178.0
nc71693701,2011-12-08T05:19:12.100000+00:00,40.4148333,-125.5871667,13.622,4.02,mw,"113 km W of Ferndale, California",nc,smi:nc.anss.org/momentTensor/TMTS,14.0,-16950000000000.0,-210700000000000.0,227700000000000.0,285000000000000.0,-22580000000000.0,-1302000000000000.0,,,
usp000jdez,2012-01-13T19:46:04.820000+00:00,51.076,-130.72,10.0,5.2,mwr,"261 km W of Port McNeill, Canada",us,Mwr,2.0,-4700000000000000.0,1300000000000000.0,3700000000000000.0,-7.9e+16,-3.25e+16,1.51e+16,178.0,8.0,-160.0
nc71718846,2012-01-17T09:55:00.520000+00:00,40.528,-124.7825,23.579,4.28,mw,"44 km W of Ferndale, California",nc,smi:nc.anss.org/momentTensor/TMTS,24.0,-585800000000000.0,-2666000000000000.0,3252000000000000.0,-561600000000000.0,35400000000000.0,-1278000000000000.0,,,
usp000jege,2012-02-04T20:05:31.710000+00:00,48.887,-127.906,14.6,5.6,mww,"149 km WSW of Tofino, Canada",us,Mww,15.0,1000000000000000.0,-1.49e+17,1.49e+17,6.8e+16,-7.8e+16,-2.46e+17,197.0,74.0,9.0
usp000jegf,2012-02-04T20:08:57.710000+00:00,48.939,-127.64,14.3,4.8,mwr,"128 km WSW of Tofino, Canada",us,Mwr,4.0,-800000000000000.0,-1.1e+16,1.26e+16,-6900000000000000.0,9800000000000000.0,2800000000000000.0,52.0,45.0,-3.0
nc71729135,2012-02-13T04:47:12.810000+00:00,38.7926667,-122.7431667,0.477,4.16,mw,"3 km SSW of Cobb, California",nc,smi:nc.anss.org/momentTensor/TMTS,1.5,-875900000000000.0,-1127000000000000.0,2003000000000000.0,-77770000000000.0,-62020000000000.0,1471000000000000.0,,,
nc71734741,2012-02-13T21:07:02.770000+00:00,41.1431667,-123.7903333,27.358,5.6,mw,"26 km NNW of Willow Creek, California",nc,smi:nc.anss.org/momentTensor/TMTS,33.0,-2.99e+17,3.285e+16,2.662e+17,5.969e+16,-4576000000000000.0,1.276e+17,,,
usp000jeyq,2012-02-15T03:31:20.610000+00:00,43.625,-127.518,11.0,5.8,mww,"258 km WNW of Bandon, Oregon",us,Mww,11.0,-1.5e+16,-4.23e+17,4.38e+17,-8000000000000000.0,2.15e+17,-5.22e+17,289.0,74.0,175.0
usp000jf07,2012-02-16T06:37:33.300000+00:00,49.089,-127.617,10.0,4.7,mwr,"124 km W of Tofino, Canada",us,Mwr,6.0,3400000000000000.0,-1.49e+16,1.38e+16,5400000000000000.0,-1900000000000000.0,-4800000000000000.0,215.0,70.0,0.0
nc71741671,2012-02-25T05:17:15.500000+00:00,40.2795,-124.3138333,19.4,4.28,mw,"28 km SW of Scotia, California",nc,smi:nc.anss.org/momentTensor/TMTS,30.0,-15820000000000.0,-933100000000000.0,948900000000000.0,507600000000000.0,-394400000000000.0,-3037000000000000.0,,,
usp000jfmu,2012-03-01T05:01:02.550000+00:00,50.462,-130.201,10.0,4.1,mwr,"221 km W of Port McNeill, Canada",us,Mwr,11.0,90000000000000.0,-1950000000000000.0,1710000000000000.0,-170000000000000.0,0.0,520000000000000.0,143.0,86.0,-178.0
usp000jhpg,2012-04-11T22:41:46.040000+00:00,43.584,-127.638,8.0,6.0,mwc,"266 km W of Bandon, Oregon",us,Mwc,23.9,-3.5e+16,-6.03e+17,6.38e+17,-1.56e+17,2.58e+17,-8.15e+17,20.0,79.0,9.0
nc71766345,2012-04-17T20:31:35.110000+00:00,40.9736667,-124.4221667,19.019,4.15,mw,"25 km WSW of Trinidad, California",nc,smi:nc.anss.org/momentTensor/TMTS,21.0,-218200000000000.0,-1422000000000000.0,1640000000000000.0,-239000000000000.0,-483700000000000.0,1354000000000000.0,,,
usp000jjp5,2012-04-27T12:51:12.640000+00:00,50.465,-130.084,10.0,4.2,mwr,"212 km W of Port McNeill, Canada",us,Mwr,7.0,-470000000000000.0,-1940000000000000.0,2300000000000000.0,-780000000000000.0,-660000000000000.0,60000000000000.0,137.0,63.0,-172.0
usp000jjp6,2012-04-27T12:52:42.970000+00:00,50.494,-130.064,10.0,4.9,mwr,"211 km W of Port McNeill, Canada",us,Mwr,13.0,-1100000000000000.0,-1.71e+16,2e+16,-1.15e+16,-9300000000000000.0,4800000000000000.0,143.0,52.0,-177.0
usp000jjpe,2012-04-27T16:14:47.500000+00:00,50.42,-130.19,10.0,4.5,mwr,"220 km W of Port McNeill, Canada",us,Mwr,7.0,-280000000000000.0,-4330000000000000.0,4750000000000000.0,-3460000000000000.0,-3270000000000000.0,2340000000000000.0,147.0,47.0,180.0
usp000jjpf,2012-04-27T16:20:13.100000+00:00,50.46,-130.19,10.0,4.3,mwr,"220 km W of Port McNeill, Canada",us,Mwr,5.0,80000000000000.0,-3530000000000000.0,3710000000000000.0,-1510000000000000.0,410000000000000.0,1320000000000000.0,53.0,75.0,-13.0
usp000jjpg,2012-04-27T16:22:30.800000+00:00,50.486,-130.108,10.0,4.7,mwr,"214 km W of Port McNeill, Canada",us,Mwr,7.0,-1800000000000000.0,-1.15e+16,8600000000000000.0,-5200000000000000.0,-5300000000000000.0,2000000000000000.0,140.0,54.0,179.0
usp000jjw0,2012-05-01T22:53:42.240000+00:00,50.566,-130.339,10.0,4.8,mwr,"230 km W of Port McNeill, Canada",us,Mwr,13.0,-3000000000000000.0,-1.24e+16,1.82e+16,-6000000000000000.0,-4800000000000000.0,5800000000000000.0,146.0,63.0,-173.0
usp000jjx1,2012-05-02T12:33:26+00:00,50.458,-130.214,10.0,4.2,mwr,"222 km W of Port McNeill, Canada",us,Mwr,9.0,-280000000000000.0,-2230000000000000.0,2590000000000000.0,750000000000000.0,-630000000000000.0,540000000000000.0,230.0,68.0,-7.0
nc71776130,2012-05-05T09:23:23.060000+00:00,38.7956667,-122.7608333,1.825,4.25,mw,"4 km SW of Cobb, California",nc,smi:nc.anss.org/momentTensor/TMTS,3.5,-672300000000000.0,-2492000000000000.0,3164000000000000.0,-314800000000000.0,532500000000000.0,744500000000000.0,,,
nc71785981,2012-05-15T10:19:33.410000+00:00,40.3913333,-125.4233333,24.068,4.08,mw,"100 km WSW of Ferndale, California",nc,smi:nc.anss.org/momentTensor/TMTS,24.0,231100000000000.0,-321600000000000.0,90580000000000.0,297800000000000.0,-212800000000000.0,-1576000000000000.0,,,
usp000jkwu,2012-05-25T07:26:18.880000+00:00,50.041,-130.256,10.0,4.4,mwr,"233 km WSW of Port McNeill, Canada",us,Mwr,8.0,-2320000000000000.0,-1970000000000000.0,4130000000000000.0,1310000000000000.0,-3230000000000000.0,810000000000000.0,223.0,34.0,-31.0
nn00380267,2012-06-23T03:51:57.296000+00:00,39.3178,-119.9904,6.4,4.2,ml,"7 km NNW of Incline Village, Nevada",us,Mwr,10.0,30000000000000.0,-540000000000000.0,520000000000000.0,-100000000000000.0,450000000000000.0,-1130000000000000.0,14.0,83.0,18.0
usp000jn9p,2012-06-27T04:22:34.730000+00:00,49.48,-128.949,10.0,4.8,mwr,"181 km SW of Port McNeill, Canada",us,Mwr,6.0,9000000000000000.0,-1.09e+16,8700000000000000.0,-8500000000000000.0,-8400000000000000.0,1200000000000000.0,128.0,39.0,155.0
usp000jnky,2012-07-04T13:35:46.780000+00:00,50.632,-129.663,10.0,4.6,mwr,"182 km W of Port McNeill, Canada",us,Mwr,10.0,-570000000000000.0,-9160000000000000.0,9050000000000000.0,-2570000000000000.0,-3150000000000000.0,980000000000000.0,138.0,66.0,178.0
nc71812891,2012-07-08T12:05:48.510000+00:00,39.4795,-123.8041667,7.468,4.42,mw,"1 km SW of Cleone, California",nc,smi:nc.anss.org/momentTensor/TMTS,8.0,-1382000000000000.0,-2655000000000000.0,4037000000000000.0,1720000000000000.0,-3410000000000000.0,1437000000000000.0,,,
nc71819391,2012-07-21T01:52:01.690000+00:00,40.3853333,-125.528,24.632,5.1,mw,"109 km WSW of Ferndale, California",nc,smi:nc.anss.org/momentTensor/TMTS,18.0,6058000000000000.0,-1.231e+16,6254000000000000.0,1.827e+16,-3516000000000000.0,-5.182e+16,,,
nc71819471,2012-07-21T06:04:21.250000+00:00,40.4116667,-125.3308333,5.871,5.19,mw,"92 km WSW of Ferndale, California",nc,smi:nc.anss.org/momentTensor/TMTS,5.0,-9194000000000000.0,-4878000000000000.0,1.407e+16,3015000000000000.0,-1.084e+16,-7.464e+16,,,
nc71828881,2012-08-09T15:24:26.710000+00:00,40.7633333,-125.1966667,24.561,4.38,mw,"81 km WNW of Ferndale, California",nc,smi:nc.anss.org/momentTensor/TMTS,27.0,641100000000000.0,-3871000000000000.0,3230000000000000.0,1571000000000000.0,-1365000000000000.0,-2180000000000000.0,,,
usp000jqge,2012-08-19T08:07:35.780000+00:00,47.789,-128.619,10.0,5.6,mww,"251 km SW of Tofino, Canada",us,Mww,11.0,-3.2e+16,-2.64e+17,2.96e+17,-1.12e+17,1.61e+17,-3.2e+16,43.0,56.0,0.0
nc71842075,2012-09-14T11:53:17.520000+00:00,40.4426667,-124.1856667,26.944,4.43,mw,"8 km WSW of Scotia, California",nc,smi:nc.anss.org/momentTensor/TMTS,24.0,-472600000000000.0,-4968000000000000.0,5441000000000000.0,-1093000000000000.0,-116700000000000.0,1076000000000000.0,,,
nc71847715,2012-09-25T15:15:09.890000+00:00,39.1678333,-123.1658333,10.841,4.51,mw,"3 km N of Talmage, California",nc,smi:nc.anss.org/momentTensor/TMTS,8.0,797300000000000.0,-6533000000000000.0,5735000000000000.0,2133000000000000.0,1304000000000000.0,3189000000000000.0,,,
nc71859625,2012-10-14T16:53:07.420000+00:00,40.645,-125.2721667,23.088,4.0,mw,"85 km W of Ferndale, California",nc,smi:nc.anss.org/momentTensor/TMTS,5.0,-414400000000000.0,-645100000000000.0,1059000000000000.0,-663500000000000.0,110600000000000.0,-533100000000000.0,,,
usp000jun7,2012-10-28T14:46:03.410000+00:00,50.795,-129.777,10.0,4.5,mwr,"191 km W of Port McNeill, Canada",us,Mwr,15.0,-6430000000000000.0,6740000000000000.0,310000000000000.0,-1510000000000000.0,210000000000000.0,-1430000000000000.0,283.0,39.0,-89.0
usp000jv6k,2012-11-08T02:01:50.630000+00:00,49.231,-128.477,13.7,6.1,mww,"176 km WSW of Vernon, Canada",us,Mww,19.0,-1.7e+17,-1.84e+18,2.02e+18,4.3e+17,0.0,-3.3e+17,219.0,80.0,-9.0
usp000jv80,2012-11-08T21:07:41.780000+00:00,49.38,-128.137,10.0,4.7,mwr,"146 km WSW of Vernon, Canada",us,Mwr,8.0,2700000000000000.0,-1.44e+16,1.32e+16,2100000000000000.0,2600000000000000.0,3500000000000000.0,321.0,76.0,174.0
usp000jxaz,2012-12-23T19:08:38.630000+00:00,50.743,-129.79,10.0,4.5,mwr,"191 km W of Port McNeill, Canada",us,Mwr,11.0,-870000000000000.0,-5350000000000000.0,5870000000000000.0,250000000000000.0,-2860000000000000.0,2040000000000000.0,237.0,69.0,7.0
usp000jy0e,2013-01-07T03:33:23.920000+00:00,49.113,-128.74,10.0,4.5,mwr,"199 km WSW of Vernon, Canada",us,Mwr,4.0,-7280000000000000.0,2500000000000000.0,4620000000000000.0,-3970000000000000.0,-1440000000000000.0,2860000000000000.0,202.0,33.0,-114.0
usp000jy4m,2013-01-09T14:07:38.430000+00:00,49.719,-130.03,10.0,4.3,mwr,"231 km WSW of Port McNeill, Canada",us,Mwr,6.0,400000000000000.0,-3360000000000000.0,3430000000000000.0,-30000000000000.0,2000000000000000.0,-610000000000000.0,307.0,70.0,163.0
nc71920936,2013-01-13T10:28:17.650000+00:00,40.3875,-125.316,15.831,4.02,mw,"91 km WSW of Ferndale, California",nc,smi:nc.anss.org/momentTensor/TMTS,18.0,226800000000000.0,-378000000000000.0,151200000000000.0,352000000000000.0,-331200000000000.0,-1184000000000000.0,,,
usp000jyhk,2013-01-18T01:42:07+00:00,50.861,-130.709,10.0,4.3,mwr,"257 km W of Port McNeill, Canada",us,Mwr,12.0,800000000000000.0,-3550000000000000.0,2640000000000000.0,-690000000000000.0,-340000000000000.0,1380000000000000.0,147.0,76.0,176.0
nc71927951,2013-01-24T11:22:57.050000+00:00,40.4415,-125.636,17.472,4.02,mw,"117 km W of Ferndale, California",nc,smi:nc.anss.org/momentTensor/TMTS,14.0,-30480000000000.0,-413300000000000.0,443800000000000.0,1670000000000.0,-451100000000000.0,-1167000000000000.0,,,
nc71928201,2013-01-24T23:25:51.220000+00:00,38.5598333,-119.6155,4.838,4.0,mw,"9 km W of Coleville, California",nc,smi:nc.anss.org/momentTensor/TMTS,5.0,-243600000000000.0,-987500000000000.0,1231000000000000.0,428200000000000.0,14510000000000.0,212400000000000.0,,,
usc000ey2g,2013-01-30T03:14:28.490000+00:00,43.638,-127.62,10.0,5.4,mww,"266 km WNW of Bandon, Oregon",us,Mww,11.0,5000000000000000.0,-9.2e+16,8.7e+16,-2000000000000000.0,1.6e+16,-1e+17,291.0,84.0,176.0
usc000fe5b,2013-02-27T22:25:43.920000+00:00,43.22,-126.564,10.0,5.2,mww,"175 km W of Langlois, Oregon",us,Mww,11.0,-1.4e+16,-5.35e+16,6.75e+16,-7500000000000000.0,-2.68e+16,-3.99e+16,118.0,69.0,-178.0
nc71947725,2013-03-03T17:46:51.350000+00:00,40.3123333,-124.6685,14.071,4.18,mw,"45 km SW of Ferndale, California",nc,smi:nc.anss.org/momentTensor/TMTS,18.0,-22990000000000.0,-1880000000000000.0,1903000000000000.0,79510000000000.0,300200000000000.0,-1343000000000000.0,,,
nc71954065,2013-03-14T09:09:23.330000+00:00,38.8123333,-122.7861667,1.343,4.44,mw,"5 km W of Cobb, California",nc,smi:nc.anss.org/momentTensor/TMTS,1.5,-1057000000000000.0,-3113000000000000.0,4170000000000000.0,765900000000000.0,-1837000000000000.0,3810000000000000.0,,,
usb000fpmu,2013-03-20T17:21:55.730000+00:00,51.421,-130.443,10.0,4.3,mwr,"253 km WNW of Port McNeill, Canada",us,Mwr,8.0,-690000000000000.0,-3400000000000000.0,2820000000000000.0,-1000000000000000.0,-490000000000000.0,900000000000000.0,144.0,71.0,-175.0
nc71959700,2013-03-24T17:25:40.940000+00:00,40.6138333,-124.9688333,13.539,4.29,mw,"59 km W of Ferndale, California",nc,smi:nc.anss.org/momentTensor/TMTS,14.0,689700000000000.0,-2373000000000000.0,1683000000000000.0,1667000000000000.0,-1137000000000000.0,-1799000000000000.0,,,
usb000fwth,2013-03-30T21:43:28.200000+00:00,40.453,-125.232,4.8,4.5,mwr,"83 km W of Ferndale, California",us,Mwr,11.0,-40000000000000.0,-5160000000000000.0,5200000000000000.0,-380000000000000.0,-400000000000000.0,-5370000000000000.0,22.0,88.0,-4.0
nc71993641,2013-05-18T13:46:08.860000+00:00,40.2858333,-124.4603333,23.339,4.28,mw,"36 km SSW of Ferndale, California",nc,smi:nc.anss.org/momentTensor/TMTS,18.0,654800000000000.0,-3079000000000000.0,2424000000000000.0,286600000000000.0,-1386000000000000.0,-978500000000000.0,,,
nc71996906,2013-05-24T03:47:08.180000+00:00,40.1918333,-121.0595,7.968,5.69,mw,"2 km NNE of Canyondam, California",nc,smi:nc.anss.org/momentTensor/TMTS,8.0,-1.645e+17,-8.59e+16,2.504e+17,2.106e+17,2.816e+16,-3.002e+17,,,
usc000hqrn,2013-06-14T15:56:04.320000+00:00,50.758,-130.518,10.0,4.1,mwr,"243 km W of Port McNeill, Canada",us,Mwr,9.0,-930000000000000.0,-1250000000000000.0,1890000000000000.0,-920000000000000.0,-350000000000000.0,520000000000000.0,150.0,55.0,-157.0
uw60546146,2013-06-27T02:45:35.980000+00:00,47.8241667,-120.6891667,7.51,4.27,ml,"25 km N of Leavenworth, Washington",us,Mwr,14.0,1600000000000000.0,-1590000000000000.0,-10000000000000.0,-640000000000000.0,450000000000000.0,610000000000000.0,101.0,34.0,77.0
usb000iiju,2013-07-20T17:20:57.720000+00:00,43.294,-126.431,15.6,4.6,mwr,"165 km W of Bandon, Oregon",us,Mwr,20.0,1590000000000000.0,650000000000000.0,-2240000000000000.0,3540000000000000.0,-2800000000000000.0,-7670000000000000.0,81.0,70.0,158.0
usc000ipkd,2013-07-26T08:32:12.700000+00:00,40.424,-127.092,17.0,4.0,mb,"240 km W of Ferndale, California",nc,smi:nc.anss.org/momentTensor/TMTS,18.0,-1091000000000000.0,518000000000000.0,572800000000000.0,601700000000000.0,-1375000000000000.0,-780300000000000.0,,,
usc000ipmt,2013-07-26T12:57:24.760000+00:00,50.392,-129.968,10.0,5.1,mwr,"205 km W of Port McNeill, Canada",us,Mwr,9.0,-2400000000000000.0,-1.11e+16,-1.3e+16,-1.44e+16,-1.31e+16,5.63e+16,179.0,76.0,166.0
usc000iqr5,2013-07-27T19:11:01.580000+00:00,50.325,-129.99,21.5,4.6,mwr,"208 km W of Port McNeill, Canada",us,Mwr,5.0,240000000000000.0,-4520000000000000.0,4310000000000000.0,700000000000000.0,-510000000000000.0,8620000000000000.0,256.0,86.0,-3.0
nc72042291,2013-08-03T02:25:49.930000+00:00,40.8081667,-124.4018333,20.433,4.47,mw,"18 km W of Samoa, California",nc,smi:nc.anss.org/momentTensor/TMTS,18.0,-63220000000000.0,-5506000000000000.0,5570000000000000.0,-1822000000000000.0,-1152000000000000.0,2345000000000000.0,,,
usb000iv7t,2013-08-04T13:22:27.640000+00:00,49.6614,-127.4286,10.0,5.5,mwb,"86 km WSW of Vernon, Canada",us,Mwb,3.0,-2.011e+16,-6.325e+16,8.336e+16,1.8562e+17,-1.0792e+17,-2.777e+16,207.83,20.19,-5.63
usb000j66m,2013-08-19T00:27:41.600000+00:00,41.802,-126.7927,5.0,4.3,mwr,"205 km WSW of Pistol River, Oregon",us,Mwr,3.0,-2941000000000000.0,796600000000000.0,2144300000000000.0,-616700000000000.0,-1574500000000000.0,-16300000000000.0,10.46,61.61,-82.86
nn00421303,2013-08-27T00:51:43.827000+00:00,39.6696,-119.6841,13.9,4.2,ml,"3 km NE of Spanish Springs, Nevada",us,Mwr,11.0,165700000000000.0,-2198700000000000.0,2033000000000000.0,-125800000000000.0,242800000000000.0,-15900000000000.0,44.96,82.68,3.04
usb000jg6b,2013-09-03T20:19:06.340000+00:00,51.244,-130.3971,2.73,6.1,mww,"243 km WNW of Port McNeill, Canada",us,Mww,11.0,-6e+16,-6.1e+17,6.7e+17,3.6e+17,-8e+16,1.26e+18,347.0,77.0,-173.0
usb000jg8d,2013-09-03T21:05:56.670000+00:00,51.2359,-130.1714,14.84,4.5,mb,"228 km WNW of Port McNeill, Canada",us,Mwr,,4100000000000000.0,-2.949e+16,1.777e+16,-5.014e+16,-2.164e+16,3.071e+16,157.0,36.0,174.0
usb000jg9e,2013-09-03T21:25:16.510000+00:00,51.2548,-130.2999,10.15,5.1,mwr,"237 km WNW of Port McNeill, Canada",us,Mwc,12.6,1.35e+16,-2.52e+16,1.17e+16,1.65e+16,-5.1e+16,9.75e+16,174.0,89.0,152.0
usb000jgci,2013-09-03T22:29:31.110000+00:00,51.3277,-130.2195,9.85,5.5,mwr,"234 km WNW of Port McNeill, Canada",us,Mwc,15.8,-2000000000000000.0,-7.2e+16,7.4e+16,5.29e+16,-7.43e+16,1.74e+17,350.0,82.0,-157.0
usb000jgfh,2013-09-04T00:23:11.290000+00:00,51.1832,-130.2245,9.92,6.0,mww,"230 km WNW of Port McNeill, Canada",us,Mww,11.0,-2.93e+17,2.43e+17,5e+16,5.04e+17,-5.98e+17,9.18e+17,267.0,64.0,-26.0
usb000kdsa,2013-09-04T15:33:13.480000+00:00,51.0831,-130.5088,10.0,4.2,mwr,"247 km WNW of Port McNeill, Canada",us,Mwr,,-1500000.0,1900000.0,300000.0,9400000.0,-12600000.0,24400000.0,267.0,67.0,-17.0
usb000jjbz,2013-09-06T00:05:24+00:00,51.043,-130.499,10.0,4.3,mwr,"245 km W of Port McNeill, Canada",us,Mwr,,69000000000000.0,-298000000000000.0,234000000000000.0,-138000000000000.0,-76000000000000.0,146000000000000.0,148.0,61.0,173.0
nc72066911,2013-09-09T22:37:17.550000+00:00,40.8051667,-125.433,16.572,4.02,mw,"102 km WNW of Ferndale, California",nc,smi:nc.anss.org/momentTensor/TMTS,18.0,558000000000000.0,-1256000000000000.0,698200000000000.0,796600000000000.0,246800000000000.0,255900000000000.0,,,
nc72086051,2013-10-11T23:05:37.330000+00:00,40.9835,-124.7498333,8.635,4.94,mw,"50 km WNW of Samoa, California",nc,smi:nc.anss.org/momentTensor/TMTS,24.0,1516000000000000.0,-3.216e+16,3.064e+16,-3264000000000000.0,-2641000000000000.0,6540000000000000.0,,,
nc72103326,2013-11-08T10:46:56.070000+00:00,41.3256667,-125.2915,11.952,4.65,mw,"98 km W of Big Lagoon, California",nc,smi:nc.anss.org/momentTensor/TMTS,3.5,315800000000000.0,-1.033e+16,1.001e+16,-477600000000000.0,-1260000000000000.0,-5555000000000000.0,,,
usb000kumz,2013-11-08T11:44:56.150000+00:00,50.039,-130.1887,10.0,5.0,mwr,"229 km WSW of Port McNeill, Canada",us,Mwr,,-2.36e+16,-1.142e+16,2.65e+16,-1.24e+16,-2.66e+16,-1260000000000000.0,151.0,27.0,-136.0
usb000l8n7,2013-12-01T03:19:38.090000+00:00,41.6832,-126.8781,10.09,5.5,mww,"216 km WSW of Pistol River, Oregon",us,Mww,11.5,-1.648e+17,6900000000000000.0,1.579e+17,-4.07e+16,-1.825e+17,1.27e+16,180.0,21.0,-100.0
usc000ll77,2013-12-15T18:11:47.540000+00:00,49.2634,-127.811,5.0,4.6,mwr,"134 km SW of Vernon, Canada",us,Mwr,,-880000000000000.0,-9250000000000000.0,9900000000000000.0,1280000000000000.0,3850000000000000.0,4250000000000000.0,326.0,76.0,170.0
nc72125816,2013-12-17T13:28:01.840000+00:00,40.6915,-124.5063333,17.673,4.11,mw,"23 km W of Indianola, California",nc,smi:nc.anss.org/momentTensor/TMTS,21.0,-62060000000000.0,-1116000000000000.0,1178000000000000.0,-317200000000000.0,371600000000000.0,1365000000000000.0,,,
nc72129596,2013-12-24T10:28:49.840000+00:00,40.5145,-124.8226667,9.819,4.3,mw,"47 km W of Ferndale, California",nc,smi:nc.anss.org/momentTensor/TMTS,11.0,97030000000000.0,-3462000000000000.0,3365000000000000.0,-145900000000000.0,-614900000000000.0,-697300000000000.0,,,
nc72134626,2014-01-02T06:23:09.700000+00:00,40.29,-124.4526667,20.031,4.02,mw,"35 km SSW of Ferndale, California",nc,smi:nc.anss.org/momentTensor/TMTS,24.0,20120000000000.0,-467100000000000.0,447000000000000.0,174200000000000.0,-102800000000000.0,-1217000000000000.0,,,
nc72141176,2014-01-12T20:24:46.740000+00:00,38.8135,-122.8161667,1.9,4.53,mw,"8 km W of Cobb, California",nc,smi:nc.anss.org/momentTensor/TMTS,3.5,-5033000000000000.0,-3131000000000000.0,8164000000000000.0,1526000000000000.0,-828400000000000.0,3521000000000000.0,,,
nc72145230,2014-01-23T04:10:41.190000+00:00,40.411,-125.3411667,23.362,4.63,mw,"93 km WSW of Ferndale, California",nc,smi:nc.anss.org/momentTensor/TMTS,8.0,-886300000000000.0,-2764000000000000.0,3651000000000000.0,-2560000000000000.0,-1926000000000000.0,-9855000000000000.0,,,
nc72182046,2014-03-10T05:18:13.430000+00:00,40.8286667,-125.1338333,16.441,6.8,mw,"77 km WNW of Indianola, California",nc,smi:nc.anss.org/momentTensor/TMTS,18.0,-7.508e+17,-1.913e+19,1.988e+19,2.941e+18,-2.393e+18,2.055e+18,,,
nc72182306,2014-03-10T10:28:18.520000+00:00,40.7778333,-125.1915,18.883,4.47,mw,"81 km WNW of Ferndale, California",nc,smi:nc.anss.org/momentTensor/TMTS,14.0,1172000000000000.0,-5504000000000000.0,4332000000000000.0,-42450000000000.0,2451000000000000.0,-2713000000000000.0,,,
usc000nah5,2014-03-13T19:11:34.640000+00:00,41.9039,-126.8982,10.0,5.5,mww,"211 km WSW of Pistol River, Oregon",us,Mww,11.5,-1.729e+17,1.77e+16,1.552e+17,-6.32e+16,-1.263e+17,-1.63e+16,13.0,65.0,-75.0
nc72185141,2014-03-14T16:32:35.210000+00:00,40.3481667,-124.6103333,19.005,4.0,mw,"38 km SW of Ferndale, California",nc,smi:nc.anss.org/momentTensor/TMTS,21.0,254100000000000.0,-1250000000000000.0,996400000000000.0,6440000000000.0,101700000000000.0,-511600000000000.0,,,
nc72186031,2014-03-16T03:46:09.720000+00:00,40.8585,-125.0218333,24.12,4.01,mw,"69 km WNW of Indianola, California",nc,smi:nc.anss.org/momentTensor/TMTS,5.0,-270600000000000.0,-1006000000000000.0,1276000000000000.0,-508300000000000.0,162200000000000.0,-194000000000000.0,,,
nc72187346,2014-03-18T10:33:59.280000+00:00,40.6863333,-125.3328333,22.999,4.41,mw,"91 km W of Ferndale, California",nc,smi:nc.anss.org/momentTensor/TMTS,21.0,1152000000000000.0,-3290000000000000.0,2138000000000000.0,1929000000000000.0,-1270000000000000.0,-3508000000000000.0,,,
usc000nycn,2014-04-01T05:05:57.990000+00:00,49.2167,-129.2085,10.0,4.7,mwr,"215 km SW of Port McNeill, Canada",us,Mwr,3.0,-6839000000000000.0,-9189000000000000.0,1.6028e+16,779000000000000.0,1721000000000000.0,-4024000000000000.0,214.37,80.27,-15.52
usb000px6r,2014-04-24T03:10:10.150000+00:00,49.6388,-127.7316,10.0,6.5,mww,"107 km WSW of Vernon, Canada",us,Mww,11.5,-1.003e+18,-4.785e+18,5.788e+18,2.534e+18,-2.31e+17,5.229e+18,246.0,80.0,-17.0
usb000qqtk,2014-04-24T03:23:33.950000+00:00,49.4739,-127.6726,10.0,4.3,mb,"112 km WSW of Vernon, Canada",us,Mwr,,-4.26e+16,1.73e+16,2.101e+16,-2.875e+16,-1.102e+16,1.769e+16,210.0,29.0,-114.0
usb000px7e,2014-04-24T03:40:56.820000+00:00,49.5441,-127.7877,10.0,4.7,mwr,"115 km WSW of Vernon, Canada",us,Mwr,,8470000000000000.0,-1.223e+16,2920000000000000.0,-5150000000000000.0,4920000000000000.0,-8120000000000000.0,33.0,51.0,36.0
usb000px7j,2014-04-24T03:44:17.080000+00:00,49.61,-127.826,10.0,4.8,mwr,"115 km WSW of Vernon, Canada",us,Mwr,,1.522e+16,-9240000000000000.0,-3370000000000000.0,1.45e+16,4050000000000000.0,-5660000000000000.0,230.0,22.0,71.0
usb000px8m,2014-04-24T05:16:17.910000+00:00,49.6074,-127.7845,10.0,4.4,mwr,"112 km WSW of Vernon, Canada",us,Mwr,,283000000000000.0,-330000000000000.0,66000000000000.0,-275000000000000.0,-94000000000000.0,255000000000000.0,148.0,41.0,145.0
usb000pxb6,2014-04-24T08:09:55.710000+00:00,49.55,-127.782,10.0,4.0,mwr,"115 km WSW of Vernon, Canada",us,Mwr,,47000000000000.0,-82000000000000.0,54000000000000.0,-89000000000000.0,-48000000000000.0,-7000000000000.0,126.0,28.0,153.0
usb000pxic,2014-04-24T12:06:56+00:00,49.632,-127.841,10.0,4.1,mwr,"115 km WSW of Vernon, Canada",us,Mwr,,-36000000000000.0,-2000000000000.0,54000000000000.0,-131000000000000.0,-85000000000000.0,12000000000000.0,172.0,13.0,-151.0
nc72231201,2014-06-02T23:54:19.680000+00:00,40.3455,-124.4201667,18.121,4.14,mw,"28 km SSW of Ferndale, California",nc,smi:nc.anss.org/momentTensor/TMTS,18.0,302800000000000.0,-2127000000000000.0,1824000000000000.0,-387400000000000.0,-324300000000000.0,-79690000000000.0,,,
usb000rtdy,2014-07-16T15:30:11.850000+00:00,43.407,-126.905,10.0,4.6,mwr,"205 km W of Bandon, Oregon",us,Mwr,27.0,4155500000000000.0,-1.01996e+16,6044200000000000.0,-1882700000000000.0,-2147500000000000.0,2911000000000000.0,140.89,63.21,159.81
usb000s22x,2014-08-12T07:00:22.410000+00:00,50.546,-130.445,10.0,4.5,mwr,"237 km W of Port McNeill, Canada",us,Mwr,,-6080000000000000.0,1290000000000000.0,4680000000000000.0,-1180000000000000.0,-3130000000000000.0,2500000000000000.0,211.0,31.0,-84.0
usb000s3q3,2014-08-18T08:17:44.470000+00:00,50.498,-130.215,10.0,4.5,mwr,"221 km W of Port McNeill, Canada",us,Mwr,10.0,-4850000000000000.0,-1410000000000000.0,5410000000000000.0,-2410000000000000.0,-2690000000000000.0,2240000000000000.0,175.0,33.0,-124.0
usb000sb4f,2014-09-10T16:36:43.150000+00:00,50.677,-129.8483,10.0,4.9,mwr,"195 km W of Port McNeill, Canada",us,Mwr,9.0,-8300000000000000.0,-2.398e+16,2.586e+16,-1.081e+16,-1.147e+16,270000000000000.0,137.0,56.0,-171.0
usb000sifq,2014-10-03T08:58:39.520000+00:00,41.9018,-126.1825,24.73,4.3,mwr,"153 km WSW of Pistol River, Oregon",us,Mwr,24.0,570000000000000.0,-3213000000000000.0,2643000000000000.0,607000000000000.0,-964000000000000.0,-1846000000000000.0,117.0,79.0,162.0
nc72330211,2014-10-19T14:24:04.460000+00:00,40.2673333,-124.3726667,22.329,4.24,mw,"33 km SW of Scotia, California",nc,smi:nc.anss.org/momentTensor/TMTS,24.0,2400000000000000.0,-2951000000000000.0,550400000000000.0,18980000000000.0,-736700000000000.0,-236600000000000.0,,,
nn00465678,2014-10-30T15:16:33.068000+00:00,41.9104,-119.6185,0.0,4.1,ml,"44 km E of Fort Bidwell, California",us,Mwr,9.0,-338270000000000.0,-220000000000000.0,558270000000000.0,-282040000000000.0,-629260000000000.0,-128790000000000.0,137.48,27.64,-149.65
nn00466104,2014-11-04T10:47:58.153000+00:00,41.8817,-119.613,0.0,4.0,ml,"44 km E of Fort Bidwell, California",us,Mwr,9.0,-175580000000000.0,-172930000000000.0,348510000000000.0,-127210000000000.0,-391060000000000.0,-95640000000000.0,132.25,28.87,-153.23
nn00466248,2014-11-05T07:23:04.418000+00:00,41.9078,-119.6202,0.1,4.6,ml,"44 km E of Fort Bidwell, California",us,Mww,11.5,-9630000000000000.0,-610000000000000.0,1.024e+16,-2280000000000000.0,-9530000000000000.0,3000000000000000.0,14.0,67.0,-90.0
nn00466315,2014-11-05T15:18:26.782000+00:00,41.886,-119.6155,0.7,4.1,ml,"44 km E of Fort Bidwell, California",us,Mwr,10.0,-268630000000000.0,-315360000000000.0,583980000000000.0,-295590000000000.0,-609960000000000.0,-103440000000000.0,134.98,30.59,-157.15
nn00466441,2014-11-06T08:34:46.519000+00:00,41.9061,-119.6573,5.2,4.7,ml,"41 km E of Fort Bidwell, California",us,Mww,11.5,-4094000000000000.0,-355000000000000.0,4449000000000000.0,1432000000000000.0,-1827000000000000.0,3536000000000000.0,0.0,58.0,-129.0
nn00466488,2014-11-06T15:58:01.418000+00:00,41.9055,-119.625,0.6,4.2,ml,"43 km E of Fort Bidwell, California",us,Mwr,8.0,-1537000000000000.0,-145800000000000.0,1682900000000000.0,498900000000000.0,-642500000000000.0,1596700000000000.0,0.2,58.87,-133.16
nn00466637,2014-11-07T06:58:40.544000+00:00,41.9137,-119.6021,0.0,4.1,ml,"45 km E of Fort Bidwell, California",us,Mwr,9.0,-464200000000000.0,-348000000000000.0,812200000000000.0,-455600000000000.0,-932800000000000.0,-147500000000000.0,138.51,27.1,-151.46
nn00466648,2014-11-07T08:05:54.864000+00:00,41.8805,-119.6299,0.0,4.7,ml,"43 km E of Fort Bidwell, California",us,Mww,11.5,-9311000000000000.0,-394000000000000.0,9705000000000000.0,-7324000000000000.0,-5736000000000000.0,2158000000000000.0,36.0,67.0,-69.0
nn00467446,2014-11-12T14:42:55.657000+00:00,41.8812,-119.6545,1.6,4.1,ml,"41 km E of Fort Bidwell, California",us,Mwr,8.0,-1186600000000000.0,-150800000000000.0,1337400000000000.0,-603000000000000.0,-1055200000000000.0,538000000000000.0,185.37,25.27,-109.91
nn00467620,2014-11-13T06:36:07.489000+00:00,41.9009,-119.6224,0.0,4.6,ml,"44 km E of Fort Bidwell, California",us,Mww,11.5,-8242000000000000.0,-1378000000000000.0,9620000000000000.0,-4621000000000000.0,-2002000000000000.0,2353000000000000.0,35.0,59.0,-61.0
nn00468207,2014-11-17T08:16:13.500000+00:00,41.9278,-119.6276,1.6,4.0,ml,"44 km E of Fort Bidwell, California",us,Mwr,10.0,-283040000000000.0,-309740000000000.0,592780000000000.0,-322230000000000.0,-537470000000000.0,-44530000000000.0,139.64,32.06,-155.76
nn00468854,2014-11-21T17:20:27.763000+00:00,41.8518,-119.6229,11.4,4.0,ml,"43 km E of Fort Bidwell, California",us,Mwr,12.0,-123600000000000.0,-516400000000000.0,639900000000000.0,-403200000000000.0,-744900000000000.0,-149000000000000.0,31.49,85.71,-56.11
usb000sz9m,2014-11-23T11:01:25.120000+00:00,43.8195,-128.5466,10.0,5.2,mww,off the coast of Oregon,us,Mww,11.5,-6.671e+16,1580000000000000.0,6.513e+16,7630000000000000.0,-5.493e+16,1.289e+16,359.0,65.0,-100.0
nn00486460,2014-12-04T05:24:52.034000+00:00,41.8812,-119.6445,11.0,4.2,ml,"42 km E of Fort Bidwell, California",us,Mwr,9.0,-1104400000000000.0,-704900000000000.0,1809200000000000.0,-814400000000000.0,-825800000000000.0,152100000000000.0,151.5,39.47,-143.92
nc72359931,2014-12-04T13:09:06.420000+00:00,40.388,-125.3838333,24.038,4.29,mw,"97 km WSW of Ferndale, California",nc,smi:nc.anss.org/momentTensor/TMTS,21.0,-355900000000000.0,-216500000000000.0,572500000000000.0,625000000000000.0,-594500000000000.0,-3268000000000000.0,,,
nn00471401,2014-12-10T13:50:58.204000+00:00,41.8773,-119.6316,8.8,4.1,ml,"43 km E of Fort Bidwell, California",us,Mwr,8.0,-570200000000000.0,-462800000000000.0,1033000000000000.0,-419900000000000.0,-1184600000000000.0,-3300000000000.0,147.4,22.94,-140.88
usc000t5vm,2014-12-12T06:08:09.310000+00:00,48.8697,-129.2989,10.0,4.7,mwr,"248 km WSW of Vernon, Canada",us,Mwr,3.0,-2100000000000000.0,-1230000000000000.0,2710000000000000.0,-1.301e+16,10000000000000.0,3490000000000000.0,182.0,17.0,-173.0
usc000t84b,2014-12-19T01:42:30.370000+00:00,41.0051,-127.3106,10.0,4.6,mwr,"261 km W of Ferndale, California",us,Mwr,18.0,4915800000000000.0,-9689700000000000.0,4773800000000000.0,1793800000000000.0,2452000000000000.0,-2896700000000000.0,44.79,67.19,39.97
usc000tcrs,2014-12-20T21:36:32.040000+00:00,50.722,-130.4937,10.0,4.4,mwr,"241 km W of Port McNeill, Canada",us,Mwr,8.0,-59000000000000.0,-521000000000000.0,497000000000000.0,129000000000000.0,-52000000000000.0,46000000000000.0,227.0,76.0,-7.0
usc000t8s0,2014-12-20T22:54:28.420000+00:00,50.7361,-130.4872,10.0,4.7,mwr,"240 km W of Port McNeill, Canada",us,Mwr,6.0,1540000000000000.0,-1.09e+16,9710000000000000.0,-2530000000000000.0,7840000000000000.0,4350000000000000.0,60.0,55.0,9.0
usc000t8tf,2014-12-21T02:57:38.130000+00:00,50.959,-130.194,10.0,5.2,mwr,"222 km W of Port McNeill, Canada",us,Mwr,4.0,-1.0046e+16,-1.3748e+16,2.3794e+16,-2.1969e+16,-9478000000000000.0,1.6456e+16,160.49,44.51,-164.24
usc000t8vb,2014-12-21T09:40:47+00:00,50.79,-130.52,10.0,5.2,mwr,"243 km W of Port McNeill, Canada",us,Mwr,6.0,5060000000000000.0,-4.15e+16,4.92e+16,-3.26e+16,3.63e+16,1.29e+16,52.0,44.0,0.0
usc000t8ve,2014-12-21T10:19:45.450000+00:00,50.7373,-130.4995,10.0,4.3,mwr,"241 km W of Port McNeill, Canada",us,Mwr,9.0,-11000000000000.0,-264000000000000.0,279000000000000.0,-140000000000000.0,-80000000000000.0,62000000000000.0,143.0,60.0,-176.0
usc000t8vh,2014-12-21T10:45:44.220000+00:00,51.0327,-130.2433,10.0,4.7,mwr,"227 km WNW of Port McNeill, Canada",us,Mwr,5.0,900000000000000.0,-6410000000000000.0,6960000000000000.0,-1.057e+16,-3390000000000000.0,5540000000000000.0,156.0,38.0,179.0
usc000t91d,2014-12-22T06:51:37.410000+00:00,50.746,-130.525,10.0,4.5,mwr,"243 km W of Port McNeill, Canada",us,Mwr,3.0,51000000000000.0,-312000000000000.0,298000000000000.0,-381000000000000.0,567000000000000.0,254000000000000.0,63.0,30.0,4.0
usc000t97l,2014-12-22T21:01:06.380000+00:00,50.9022,-130.1266,10.0,4.6,mwr,"217 km W of Port McNeill, Canada",us,Mwr,9.0,144000000000000.0,-533000000000000.0,480000000000000.0,-428000000000000.0,-145000000000000.0,563000000000000.0,158.0,59.0,175.0
nc72373456,2015-01-01T12:16:14.570000+00:00,40.442,-125.7746667,23.9,5.36,mw,"128 km W of Ferndale, California",nc,smi:nc.anss.org/momentTensor/TMTS,24.0,5814000000000000.0,-3.175e+16,2.593e+16,1.918e+16,-1.28e+16,-1.289e+17,,,
usc000tb91,2015-01-02T10:15:34.380000+00:00,50.8632,-130.3654,10.0,5.4,mwr,"233 km W of Port McNeill, Canada",us,Mwc,14.3,-2.23e+16,-7.73e+16,9.97e+16,2.23e+16,-2500000000000000.0,9.02e+16,247.0,83.0,-10.0
usc000tbip,2015-01-04T01:49:55.840000+00:00,50.579,-130.454,10.0,4.5,mwr,"238 km W of Port McNeill, Canada",us,Mwr,3.0,66000000000000.0,-376000000000000.0,203000000000000.0,-28000000000000.0,-302000000000000.0,541000000000000.0,258.0,65.0,11.0
nn00481243,2015-01-04T09:56:43.113000+00:00,41.8841,-119.6294,8.9,4.1,ml,"43 km E of Fort Bidwell, California",us,Mwr,10.0,-637800000000000.0,-612200000000000.0,1250000000000000.0,-588700000000000.0,-1018500000000000.0,-153000000000000.0,138.9,34.07,-153.4
usc000td14,2015-01-08T02:02:53.840000+00:00,49.1709,-125.647,24.64,4.8,mww,"19 km E of Tofino, Canada",us,Mww,35.5,-5100000000000000.0,-1.396e+16,1.906e+16,2480000000000000.0,4520000000000000.0,3670000000000000.0,230.0,89.0,-16.0
nc72381011,2015-01-14T10:44:35.040000+00:00,40.3195,-124.6121667,16.159,4.28,mw,"41 km SW of Ferndale, California",nc,smi:nc.anss.org/momentTensor/TMTS,24.0,112600000000000.0,-850400000000000.0,737700000000000.0,451500000000000.0,-742200000000000.0,-3011000000000000.0,,,
nn00478560,2015-01-22T09:09:16.708000+00:00,41.8833,-119.6332,11.7,4.5,ml,"43 km E of Fort Bidwell, California",us,Mwr,9.0,-6319000000000000.0,-4858000000000000.0,1.1177e+16,-5551000000000000.0,-6640000000000000.0,1742000000000000.0,151.87,36.01,-147.72
nc72387946,2015-01-28T21:08:53.710000+00:00,40.3178333,-124.6066667,16.881,5.72,mw,"40 km SW of Ferndale, California",nc,smi:nc.anss.org/momentTensor/TMTS,33.0,4.346e+16,-2.277e+17,1.843e+17,3.091e+16,-1.186e+17,-3.973e+17,,,
nn00479760,2015-01-29T11:03:19.351000+00:00,41.8797,-119.6241,9.4,4.2,ml,"43 km E of Fort Bidwell, California",us,Mwr,9.0,-1089700000000000.0,-1109900000000000.0,2199600000000000.0,-1535200000000000.0,-2699600000000000.0,-430100000000000.0,136.18,27.34,-157.86
nc72388626,2015-01-29T19:13:55.180000+00:00,40.3113333,-124.5891667,17.699,4.25,mw,"40 km SW of Ferndale, California",nc,smi:nc.anss.org/momentTensor/TMTS,24.0,-5450000000000.0,-528400000000000.0,533900000000000.0,442800000000000.0,-402800000000000.0,-2819000000000000.0,,,
uw60971201,2015-02-18T09:04:11.550000+00:00,47.2491667,-120.7526667,3.559,4.2,ml,"15 km ENE of Cle Elum, Washington",us,Mwr,8.0,588150000000000.0,-752730000000000.0,164580000000000.0,-62080000000000.0,-291170000000000.0,-269370000000000.0,100.43,46.06,129.79
usc000tuv5,2015-03-04T08:35:07.120000+00:00,50.2697,-129.92,8.65,5.1,mwr,"204 km W of Port McNeill, Canada",us,Mwr,6.0,-1.642e+16,-1e+16,2.195e+16,-9860000000000000.0,-3.93e+16,-7310000000000000.0,135.0,20.0,-146.0
us200026hw,2015-03-06T16:56:38.860000+00:00,50.538,-130.4747,10.0,4.4,mwr,"240 km W of Port McNeill, Canada",us,Mwr,8.0,-54000000000000.0,-364000000000000.0,400000000000000.0,-155000000000000.0,-120000000000000.0,144000000000000.0,146.0,64.0,-177.0
usc000twl9,2015-03-08T20:42:15.680000+00:00,49.0507,-128.8594,27.56,4.9,mwr,"210 km WSW of Vernon, Canada",us,Mwr,28.0,-5407000000000000.0,-7971000000000000.0,1.3379e+16,-1.5822e+16,-8103000000000000.0,-1175000000000000.0,146.08,34.89,-164.6
us10001qpf,2015-03-25T19:22:44.560000+00:00,49.4154,-128.1719,13.08,5.1,mww,"147 km WSW of Vernon, Canada",us,Mww,17.5,-1.903e+16,-3.202e+16,5.106e+16,-2.841e+16,9460000000000000.0,-2.814e+16,123.0,76.0,-145.0
us200025qi,2015-04-10T18:59:38.760000+00:00,40.418,-126.1568,19.88,4.7,mwr,"161 km W of Ferndale, California",us,Mwr,25.0,4166000000000000.0,-1939000000000000.0,-2228000000000000.0,3380000000000000.0,-2465000000000000.0,-1.3472e+16,86.92,74.35,160.85
us200025te,2015-04-11T05:44:48.740000+00:00,43.3904,-127.0443,10.0,4.2,mwr,"216 km W of Bandon, Oregon",us,Mwr,22.0,651700000000000.0,-2182000000000000.0,1530300000000000.0,685800000000000.0,-930300000000000.0,-1098300000000000.0,115.48,74.65,151.27
us200028pe,2015-04-24T01:34:55.550000+00:00,40.4556,-127.1509,10.0,5.4,mww,"245 km W of Ferndale, California",us,Mww,19.5,-9e+16,7.48e+16,1.52e+16,-3.98e+16,2.89e+16,-1.61e+17,265.0,90.0,167.0
nc72455721,2015-05-26T10:17:35.820000+00:00,40.6508333,-124.712,19.72,4.34,mw,"38 km WNW of Ferndale, California",nc,smi:nc.anss.org/momentTensor/TMTS,14.0,173800000000000.0,-3782000000000000.0,3608000000000000.0,-154500000000000.0,-489900000000000.0,1443000000000000.0,,,
us20002kxa,2015-06-01T06:52:41.340000+00:00,44.4584,-129.8114,10.0,5.8,mww,off the coast of Oregon,us,Mww,13.5,-1.274e+17,-3.256e+17,4.53e+17,-2.416e+17,2.28e+16,-4.241e+17,114.0,80.0,-155.0
us20002l01,2015-06-01T10:46:27.260000+00:00,44.5389,-129.6521,10.0,5.4,mww,off the coast of Oregon,us,Mww,19.5,-6.42e+16,-7.58e+16,1.4e+17,-1.81e+16,-4.71e+16,-1.263e+17,17.0,79.0,-22.0
us20002l3n,2015-06-01T20:11:30.610000+00:00,44.4971,-129.9582,10.0,5.9,mww,off the coast of Oregon,us,Mww,15.5,-1.367e+17,-3.616e+17,4.984e+17,2.143e+17,1.788e+17,-6.902e+17,194.0,77.0,-17.0
uw61037147,2015-07-04T15:42:18.050000+00:00,44.0895,-122.831,7.95,4.14,ml,"16 km ENE of Springfield, Oregon",us,Mwr,4.0,545730000000000.0,-474160000000000.0,-71570000000000.0,125510000000000.0,-62960000000000.0,273000000000000.0,296.84,38.18,90.07
nn00501944,2015-07-16T01:52:11.994000+00:00,41.8986,-119.6367,10.1,4.6,ml,"42 km E of Fort Bidwell, California",us,Mww,11.5,-3294000000000000.0,-2561000000000000.0,5856000000000000.0,-1595000000000000.0,-5935000000000000.0,-806000000000000.0,16.0,74.0,-69.0
nn00501947,2015-07-16T01:57:26.295000+00:00,41.9006,-119.6373,8.5,4.0,ml,"42 km E of Fort Bidwell, California",us,Mwr,8.0,-485800000000000.0,-339400000000000.0,825200000000000.0,-390200000000000.0,-852900000000000.0,208700000000000.0,161.67,22.45,-132.31
nn00503084,2015-07-22T22:07:07.567000+00:00,41.8878,-119.6288,7.8,4.0,ml,"43 km E of Fort Bidwell, California",us,Mwr,9.0,-175140000000000.0,-206250000000000.0,381400000000000.0,-204880000000000.0,-528840000000000.0,14200000000000.0,143.91,20.81,-147.99
nn00503760,2015-07-27T01:05:33.610000+00:00,41.8875,-119.6226,10.7,4.5,ml,"43 km E of Fort Bidwell, California",us,Mwr,8.0,-2533500000000000.0,-3013000000000000.0,5546500000000000.0,-3514500000000000.0,-7244400000000000.0,458800000000000.0,144.62,22.59,-151.44
us10002w8x,2015-07-30T00:31:03.670000+00:00,50.5581,-130.0918,10.0,5.0,mwr,"212 km W of Port McNeill, Canada",us,Mwr,5.0,-6558000000000000.0,6425000000000000.0,132000000000000.0,-1022000000000000.0,715000000000000.0,1.6841e+16,185.62,83.06,-174.01
us10002wy3,2015-07-31T17:45:09.260000+00:00,50.6463,-130.0618,2.95,4.4,mwr,"210 km W of Port McNeill, Canada",us,Mwr,12.0,-422000000000000.0,8000000000000.0,-1851000000000000.0,-1814000000000000.0,940000000000000.0,4175000000000000.0,188.0,67.0,-175.0
nn00506331,2015-08-13T11:31:07.857000+00:00,41.8856,-119.622,10.3,4.2,ml,"44 km E of Fort Bidwell, California",us,Mwr,12.0,-508500000000000.0,-712700000000000.0,1221200000000000.0,-626100000000000.0,-884100000000000.0,-282800000000000.0,28.28,77.63,-51.05
us100032sm,2015-08-17T07:58:32.420000+00:00,49.0289,-128.6959,24.08,4.7,mwr,"202 km SW of Vernon, Canada",us,Mwr,3.0,-2360000000000000.0,-1770000000000000.0,4580000000000000.0,-5300000000000000.0,-1.146e+16,1480000000000000.0,165.0,10.0,-130.0
us10003kpc,2015-08-30T15:12:51+00:00,51.088,-130.745,10.0,4.3,mwr,"263 km W of Port McNeill, Canada",us,Mwr,5.0,-2839000000000000.0,2555000000000000.0,373000000000000.0,1315000000000000.0,-1370000000000000.0,1872000000000000.0,34.0,48.0,-132.0
nn00509589,2015-09-08T02:15:19.980000+00:00,38.6488,-118.8064,6.2,4.4,ml,"4 km W of Walker Lake, Nevada",us,Mwr,8.0,-171900000000000.0,-564800000000000.0,736700000000000.0,-140600000000000.0,203000000000000.0,784500000000000.0,69.47,75.58,-6.6
us20003h7l,2015-09-08T09:38:04.180000+00:00,50.7444,-130.1086,13.97,4.5,mwr,"214 km W of Port McNeill, Canada",us,Mwr,7.0,-2825000000000000.0,-1884000000000000.0,4237000000000000.0,-5014000000000000.0,-3138000000000000.0,2338000000000000.0,163.0,31.0,-156.0
nn00510518,2015-09-14T13:55:48.087000+00:00,41.8594,-119.6271,9.7,4.7,ml,"43 km E of Fort Bidwell, California",us,Mwr,9.0,-1.0646e+16,-4891000000000000.0,1.5537e+16,-6297000000000000.0,-6654000000000000.0,1808000000000000.0,157.05,37.81,-136.08
us20003m0m,2015-09-19T21:50:31.150000+00:00,49.4227,-129.6481,10.0,4.8,mwr,"224 km SW of Port McNeill, Canada",us,Mwr,11.0,4660000000000000.0,-1.48e+16,1.708e+16,2550000000000000.0,-6260000000000000.0,5150000000000000.0,235.0,68.0,8.0
us20003mvq,2015-09-22T13:24:50.520000+00:00,50.3258,-130.2273,10.0,4.7,mwr,"224 km W of Port McNeill, Canada",us,Mwr,9.0,240000000000000.0,-5180000000000000.0,2210000000000000.0,-2400000000000000.0,-2510000000000000.0,1.298e+16,171.0,78.0,170.0
us20003nmz,2015-09-24T13:48:58.480000+00:00,50.7832,-130.2084,10.0,5.7,mww,"221 km W of Port McNeill, Canada",us,Mww,11.5,-1.133e+17,-3.517e+17,4.651e+17,-8.37e+16,1.011e+17,2.758e+17,153.0,82.0,-163.0
nn00512427,2015-09-27T02:44:00.617000+00:00,41.8709,-119.6123,10.2,4.2,ml,"44 km E of Fort Bidwell, California",us,Mwr,5.0,-1549600000000000.0,107500000000000.0,1442100000000000.0,-283800000000000.0,715900000000000.0,701000000000000.0,40.98,38.65,-60.98
nn00512709,2015-09-29T00:03:30.399000+00:00,41.8542,-119.6368,11.9,4.2,ml,"42 km E of Fort Bidwell, California",us,Mwr,10.0,-293290000000000.0,-60790000000000.0,354080000000000.0,-45410000000000.0,287060000000000.0,72080000000000.0,175.91,66.32,-103.4
us10003qur,2015-10-22T23:07:38.970000+00:00,50.8008,-129.9621,10.0,5.1,mww,"204 km W of Port McNeill, Canada",us,Mww,11.5,-7910000000000000.0,-3.787e+16,4.578e+16,2.297e+16,3470000000000000.0,2.156e+16,236.0,79.0,-25.0
nc72547610,2015-11-02T02:34:01.250000+00:00,40.3646667,-125.3966667,13.67,4.33,mw,"98 km WSW of Ferndale, California",nc,smi:nc.anss.org/momentTensor/TMTS,14.0,163200000000000.0,-932800000000000.0,769600000000000.0,604000000000000.0,-636800000000000.0,-3637000000000000.0,,,
nn00519379,2015-11-19T01:40:02.547000+00:00,41.8696,-119.619,12.9,4.2,ml,"44 km E of Fort Bidwell, California",us,Mwr,10.0,-1686800000000000.0,-872500000000000.0,2559200000000000.0,-345200000000000.0,-2123800000000000.0,-316600000000000.0,153.28,25.64,-122.71
nn00519381,2015-11-19T01:50:17.403000+00:00,41.8731,-119.6231,12.1,4.0,ml,"43 km E of Fort Bidwell, California",us,Mwr,10.0,-569270000000000.0,-180180000000000.0,749450000000000.0,-251820000000000.0,-594640000000000.0,33350000000000.0,161.18,26.7,-124.24
nn00521538,2015-12-06T11:13:27.887000+00:00,41.8575,-119.6317,10.5,4.1,ml,"43 km E of Fort Bidwell, California",us,Mwr,14.0,-853030000000000.0,16480000000000.0,836550000000000.0,-178720000000000.0,311430000000000.0,336510000000000.0,36.63,40.37,-63.09
us20004hil,2015-12-16T08:22:30.560000+00:00,50.5434,-130.3506,10.0,4.5,mwr,"Vancouver Island, Canada region",us,Mwr,14.0,553000000000000.0,-6803000000000000.0,6043000000000000.0,-1101000000000000.0,-819000000000000.0,1815000000000000.0,143.0,78.0,179.0
nn00523696,2015-12-23T06:46:07.342000+00:00,39.4309,-119.7845,9.7,4.4,ml,"11 km SSE of Reno, Nevada",us,Mwr,10.0,-3239000000000000.0,-503200000000000.0,3742200000000000.0,1107000000000000.0,798600000000000.0,-226800000000000.0,195.48,54.11,-65.9
nn00523848,2015-12-24T20:30:38.087000+00:00,41.8807,-119.5937,11.3,4.4,ml,"46 km E of Fort Bidwell, California",us,Mwr,6.0,-8665000000000000.0,-967000000000000.0,9632000000000000.0,-5808000000000000.0,-40000000000000.0,4998000000000000.0,174.66,46.45,-133.66
us100049ky,2015-12-26T03:57:03+00:00,50.479,-130.191,10.0,4.3,mwr,"220 km W of Port McNeill, Canada",us,Mwr,11.0,-5000000000000.0,-3268000000000000.0,3044000000000000.0,-150000000000000.0,-834000000000000.0,613000000000000.0,140.0,79.0,171.0
nn00524306,2015-12-28T15:10:30.588000+00:00,41.4562,-118.905,17.7,4.1,ml,"63 km SSW of Denio, Nevada",us,Mwr,9.0,-1403000000000000.0,-13000000000000.0,1416000000000000.0,52400000000000.0,420800000000000.0,255600000000000.0,10.68,36.77,-88.67
nc72571010,2015-12-29T03:35:28.390000+00:00,41.0703333,-125.286,16.86,4.87,mw,"96 km W of Trinidad, California",nc,smi:nc.anss.org/momentTensor/TMTS,8.0,-4384000000000000.0,-2.116e+16,2.555e+16,4443000000000000.0,-7909000000000000.0,2819000000000000.0,,,
uw61114971,2015-12-30T07:39:29.310000+00:00,48.5865,-123.3003333,52.42,4.79,ml,"12 km SE of North Saanich, Canada",us,Mww,45.5,-1.272e+16,-1170000000000000.0,1.389e+16,4250000000000000.0,-3170000000000000.0,-4160000000000000.0,331.0,55.0,-108.0
nc72572665,2016-01-02T05:11:46.620000+00:00,40.3083333,-124.6871667,14.67,4.44,mw,"46 km SW of Ferndale, California",nc,smi:nc.anss.org/momentTensor/TMTS,21.0,297100000000000.0,-2380000000000000.0,2083000000000000.0,717300000000000.0,-884100000000000.0,-5186000000000000.0,,,
nn00525194,2016-01-03T15:35:23.944000+00:00,41.8685,-119.6,10.7,4.1,ml,"45 km E of Fort Bidwell, California",us,Mwr,10.0,-695020000000000.0,-136640000000000.0,831660000000000.0,291290000000000.0,319770000000000.0,307530000000000.0,211.6,59.91,-71.46
nc72574495,2016-01-07T05:49:52.430000+00:00,40.2731667,-124.3395,16.95,4.31,mw,"30 km SW of Scotia, California",nc,smi:nc.anss.org/momentTensor/TMTS,18.0,3514000000000000.0,-2277000000000000.0,-1237000000000000.0,1305000000000000.0,-581700000000000.0,1423000000000000.0,,,
us10004fp1,2016-01-19T19:54:41.850000+00:00,48.8975,-128.6422,10.0,4.4,mwr,"202 km W of Tofino, Canada",us,Mwr,5.0,-2513500000000000.0,-2277200000000000.0,4790700000000000.0,3351800000000000.0,-592100000000000.0,-200200000000000.0,322.69,64.71,-139.09
us10004gmw,2016-01-23T18:05:39.580000+00:00,43.1417,-126.3146,20.45,4.9,mww,"153 km W of Langlois, Oregon",us,Mww,17.5,-1.034e+16,-1.529e+16,2.563e+16,-1.046e+16,-1550000000000000.0,-1.841e+16,118.0,72.0,-155.0
us20004vq3,2016-01-30T00:28:41.960000+00:00,40.9167,-127.2074,10.0,5.1,mww,"251 km W of Ferndale, California",us,Mww,11.5,-3.052e+16,3580000000000000.0,2.694e+16,9430000000000000.0,-3.79e+16,5290000000000000.0,352.0,72.0,-100.0
us20004vq9,2016-01-30T00:30:52.570000+00:00,41.0363,-127.3842,10.0,5.0,mww,"268 km W of Ferndale, California",us,Mww,11.5,-3.243e+16,4390000000000000.0,2.803e+16,3830000000000000.0,-3.486e+16,5250000000000000.0,359.0,70.0,-97.0
us20005awl,2016-03-18T22:46:56.830000+00:00,49.673,-129.8485,10.0,5.5,mww,"222 km WSW of Port McNeill, Canada",us,Mww,11.5,-5.41e+16,-1.539e+17,2.08e+17,5.1e+16,4.55e+16,1.86e+16,225.0,81.0,-23.0
nn00536804,2016-03-22T10:00:45.356000+00:00,38.6555,-118.7841,10.9,4.1,ml,"2 km WNW of Walker Lake, Nevada",us,Mwr,9.0,-328070000000000.0,-133220000000000.0,461290000000000.0,143380000000000.0,-358770000000000.0,472630000000000.0,246.58,49.51,-25.19
us10005ir2,2016-05-20T07:01:05.090000+00:00,43.7904,-128.4588,10.0,5.0,mww,off the coast of Oregon,us,Mww,11.5,-2.125e+16,3340000000000000.0,1.792e+16,-9260000000000000.0,-3.423e+16,4710000000000000.0,15.0,75.0,-90.0
nc72642536,2016-05-27T22:00:28.500000+00:00,40.3955,-125.3781667,18.47,4.5,mw,"96 km WSW of Ferndale, California",nc,smi:nc.anss.org/momentTensor/TMTS,5.0,1084000000000000.0,-2162000000000000.0,1078000000000000.0,2029000000000000.0,-2405000000000000.0,-5958000000000000.0,,,
nn00550898,2016-07-07T23:14:40.556000+00:00,38.6539,-118.7984,6.0,4.3,ml,"3 km W of Walker Lake, Nevada",us,Mwr,5.0,-88340000000000.0,-400070000000000.0,488410000000000.0,-180940000000000.0,-84170000000000.0,531340000000000.0,160.08,73.68,-178.32
nn00550904,2016-07-07T23:40:45.777000+00:00,38.6516,-118.7943,9.1,4.5,ml,"3 km W of Walker Lake, Nevada",us,Mwr,8.0,-639100000000000.0,-1075300000000000.0,1714400000000000.0,-779500000000000.0,132900000000000.0,1423000000000000.0,64.09,73.22,-23.29
nc72664436,2016-07-21T23:09:05.780000+00:00,40.7243333,-123.8918333,26.24,4.81,mw,"19km SSE of Blue Lake, CA",nc,smi:nc.anss.org/momentTensor/TMTS,27.0,-8425000000000000.0,-3884000000000000.0,1.231e+16,1.028e+16,2715000000000000.0,-1.397e+16,,,
nc72670060,2016-08-04T04:55:35.040000+00:00,40.1538333,-120.2131667,6.87,4.48,mw,"5 km WNW of Patton Village, California",nc,smi:nc.anss.org/momentTensor/TMTS,14.0,180600000000000.0,-6537000000000000.0,6357000000000000.0,-58130000000000.0,1068000000000000.0,-1041000000000000.0,,,
us10006ccx,2016-08-09T14:39:11.370000+00:00,50.4018,-129.8461,4.72,4.7,mwr,"196 km W of Port McNeill, Canada",us,Mwr,6.0,-2036500000000000.0,-924400000000000.0,2960800000000000.0,395800000000000.0,2027700000000000.0,1145700000000000.0,190.59,64.09,-95.5
nc72672610,2016-08-10T02:57:17.510000+00:00,39.3293333,-122.8018333,14.45,5.09,mw,"20 km NNE of Upper Lake, California",nc,smi:nc.anss.org/momentTensor/TMTS,18.0,-4103000000000000.0,-4.725e+16,5.135e+16,5294000000000000.0,20340000000000.0,2.019e+16,,,
us20006u56,2016-08-26T07:19:11.140000+00:00,51.2231,-130.7823,10.0,4.4,mwr,"269 km WNW of Port McNeill, Canada",us,Mwr,10.0,-302000000000000.0,-7000000000000.0,529000000000000.0,-160000000000000.0,-166000000000000.0,-88000000000000.0,147.0,41.0,-129.0
nc72686711,2016-08-28T21:20:52.090000+00:00,40.4365,-123.4078333,35.62,4.49,mw,"8 km ESE of Mad River, California",nc,smi:nc.anss.org/momentTensor/TMTS,36.0,-5282000000000000.0,394900000000000.0,4887000000000000.0,-290800000000000.0,-3891000000000000.0,1809000000000000.0,,,
nc72689331,2016-09-03T03:27:57.250000+00:00,40.3208333,-125.6876667,28.57,5.64,mw,"124 km WSW of Ferndale, California",nc,smi:nc.anss.org/momentTensor/TMTS,27.0,6639000000000000.0,-6.286e+16,5.623e+16,1.538e+16,-4.373e+16,-3.459e+17,,,
us10006qix,2016-09-17T22:45:58.590000+00:00,49.0783,-128.9674,10.0,4.5,mwr,"215 km SW of Port McNeill, Canada",us,Mwr,4.0,-359000000000000.0,271000000000000.0,496000000000000.0,-342000000000000.0,-473000000000000.0,300000000000000.0,214.0,21.0,-92.0
us10006shx,2016-09-25T05:01:50.050000+00:00,41.8428,-126.1354,10.0,4.9,mww,"151 km WSW of Pistol River, Oregon",us,Mww,13.5,-8990000000000000.0,-2.057e+16,2.955e+16,-1130000000000000.0,760000000000000.0,1.127e+16,147.0,87.0,-175.0
us10006sj1,2016-09-25T09:50:51.190000+00:00,41.8519,-126.0759,15.77,4.6,mb,"146 km WSW of Pistol River, Oregon",nc,smi:nc.anss.org/momentTensor/TMTS,11.0,-2202000000000000.0,-4310000000000000.0,6512000000000000.0,-2011000000000000.0,-3299000000000000.0,2731000000000000.0,,,
us20007cz9,2016-10-09T19:08:47.600000+00:00,44.2778,-129.3622,10.0,5.0,mww,off the coast of Oregon,us,Mww,11.5,-9410000000000000.0,-3.223e+16,4.164e+16,2100000000000000.0,-2.356e+16,-9940000000000000.0,219.0,78.0,18.0
nc72716540,2016-10-27T06:37:23.630000+00:00,40.3461667,-124.5465,23.97,4.11,mw,"35 km SW of Ferndale, California",nc,smi:nc.anss.org/momentTensor/TMTS,33.0,260600000000000.0,-1869000000000000.0,1608000000000000.0,23240000000000.0,137800000000000.0,-588000000000000.0,,,
nc72721105,2016-11-06T13:00:46.390000+00:00,39.6598333,-123.6373333,-0.65,4.06,mw,"13 km WSW of Laytonville, California",nc,smi:nc.anss.org/momentTensor/TMTS,3.5,-20820000000000.0,-1404000000000000.0,1425000000000000.0,-190800000000000.0,12160000000000.0,606500000000000.0,,,
us10007c7n,2016-11-25T04:02:23.050000+00:00,50.9767,-130.3771,10.0,4.5,mwr,"236 km W of Port McNeill, Canada",us,Mwr,6.0,-242000000000000.0,-187000000000000.0,240000000000000.0,233000000000000.0,176000000000000.0,-513000000000000.0,286.0,67.0,-157.0
us10007cvf,2016-11-28T04:34:44.900000+00:00,43.3669,-127.0223,29.85,5.5,mww,"214 km W of Bandon, Oregon",us,Mww,21.5,-1.81e+16,-1.476e+17,1.657e+17,7.09e+16,-4.82e+16,-1.372e+17,115.0,90.0,158.0
us10007cww,2016-11-28T11:07:51.060000+00:00,43.2208,-126.6675,24.41,4.2,mwr,"183 km W of Langlois, Oregon",us,Mwr,29.0,-14900000000000.0,-2094100000000000.0,2109000000000000.0,-326200000000000.0,-1405400000000000.0,-1242100000000000.0,117.72,61.19,174.76
nc72733405,2016-12-05T18:33:15.480000+00:00,40.2785,-124.386,22.1,4.35,mw,"33 km SW of Scotia, California",nc,smi:nc.anss.org/momentTensor/TMTS,27.0,1718000000000000.0,-3957000000000000.0,2239000000000000.0,-592000000000000.0,-2314000000000000.0,-347400000000000.0,,,
us10007f7c,2016-12-06T17:07:28.320000+00:00,41.4364,-126.3567,10.0,4.3,mwr,"183 km WSW of Crescent City, California",us,Mwr,28.0,1308900000000000.0,-4347300000000000.0,3038400000000000.0,-626000000000000.0,-1454300000000000.0,-419100000000000.0,128.44,63.98,163.28
us20007z6r,2016-12-08T14:49:45.910000+00:00,40.4535,-126.1936,8.45,6.6,mww,"164 km W of Ferndale, California",us,Mww,11.5,-1.18e+18,-5.7e+17,1.75e+18,-3.98e+18,-1.2e+18,-1.014e+19,95.0,81.0,-158.0
us20007z7b,2016-12-08T16:32:46.520000+00:00,40.4292,-126.3674,3.33,4.7,mwr,"179 km W of Ferndale, California",us,Mwr,6.0,-2393000000000000.0,1629000000000000.0,764000000000000.0,-1869000000000000.0,-3168000000000000.0,-1.4243e+16,90.31,76.04,-169.84
nc72737985,2016-12-14T16:41:05.530000+00:00,38.8221667,-122.8413333,1.48,5.01,mw,"10 km W of Cobb, California",us,Mww,11.5,-2.18e+16,-2.84e+16,5.021e+16,-7880000000000000.0,-2.291e+16,4.192e+16,158.0,84.0,166.0
us10007rnp,2017-01-06T15:48:59.140000+00:00,50.1607,-130.0753,10.0,5.3,mww,"217 km WSW of Port McNeill, Canada",us,Mww,17.5,-3.94e+16,-5.09e+16,9.02e+16,4200000000000000.0,-3000000000000000.0,6.52e+16,337.0,85.0,-174.0
us10007rqu,2017-01-06T16:52:22.750000+00:00,50.2529,-129.8802,10.0,4.6,mwr,"202 km WSW of Port McNeill, Canada",us,Mwr,8.0,-510000000000000.0,-2550000000000000.0,7170000000000000.0,-4030000000000000.0,3030000000000000.0,6940000000000000.0,68.0,65.0,-19.0
us10007rrk,2017-01-06T21:05:30.970000+00:00,50.2805,-129.7803,10.0,4.4,mwr,"194 km W of Port McNeill, Canada",us,Mwr,7.0,20000000000000.0,-150000000000000.0,310000000000000.0,167000000000000.0,-345000000000000.0,66000000000000.0,234.0,31.0,-7.0
us10007rsx,2017-01-07T03:13:54.320000+00:00,50.2065,-130.1516,10.0,5.4,mww,"222 km WSW of Port McNeill, Canada",us,Mww,11.5,-8.19e+16,-6.66e+16,1.484e+17,-1.58e+16,3.07e+16,1.125e+17,163.0,73.0,-154.0
us10007v7i,2017-01-07T03:17:40.640000+00:00,50.0673,-130.2458,10.0,4.8,mwr,"232 km WSW of Port McNeill, Canada",us,Mwr,9.0,260000000.0,-1052000000.0,1293000000.0,131000000.0,-156000000.0,1210000000.0,248.0,84.0,-2.0
us10007vav,2017-01-07T03:23:57.030000+00:00,50.0125,-130.1366,10.0,4.6,mwr,"226 km WSW of Port McNeill, Canada",us,Mwr,15.0,-36000000000000.0,-684000000000000.0,1127000000000000.0,11000000000000.0,-46000000000000.0,158000000000000.0,230.0,88.0,1.0
us10007rty,2017-01-07T06:32:36.530000+00:00,50.08,-130.1524,10.0,4.6,mwr,"225 km WSW of Port McNeill, Canada",us,Mwr,8.0,412000000000000.0,-682000000000000.0,671000000000000.0,-58000000000000.0,-429000000000000.0,382000000000000.0,245.0,65.0,23.0
us20008j9n,2017-02-12T03:47:40.170000+00:00,49.3075,-129.3552,10.0,5.0,mwr,"216 km SW of Port McNeill, Canada",us,Mwr,2.0,-1460000000000000.0,-6620000000000000.0,1.25e+16,-1.698e+16,-3.607e+16,-1620000000000000.0,131.0,12.0,-165.0
nc72766046,2017-02-21T00:57:52.710000+00:00,38.7958333,-122.7353333,1.32,4.16,mw,"3 km SSW of Cobb, California",nc,smi:nc.anss.org/momentTensor/TMTS,3.5,-917600000000000.0,-1055000000000000.0,1973000000000000.0,494600000000000.0,-1171000000000000.0,500900000000000.0,,,
uw61251926,2017-02-23T04:59:04.050000+00:00,47.4801667,-123.035,15.44,4.09,ml,"11 km NE of Hoodsport, Washington",us,Mwr,16.0,894400000000000.0,-1244200000000000.0,349800000000000.0,-335200000000000.0,375600000000000.0,55300000000000.0,67.48,41.6,51.38
us20008lph,2017-02-23T06:04:58.100000+00:00,49.7062,-129.2457,10.0,5.1,mww,"182 km WSW of Port McNeill, Canada",us,Mww,11.5,-2203000000000000.0,-4.5139e+16,4.7341e+16,1.1658e+16,-8809000000000000.0,1.2603e+16,231.91,73.6,-4.99
us20008lpj,2017-02-23T06:29:21.150000+00:00,49.5603,-129.4659,10.0,4.5,mwr,"205 km SW of Port McNeill, Canada",us,Mwr,6.0,194000000000000.0,-661000000000000.0,404000000000000.0,-158000000000000.0,-371000000000000.0,55000000000000.0,131.0,56.0,159.0
us20008m0k,2017-02-24T12:28:24.830000+00:00,49.6697,-129.1491,10.0,5.2,mww,"179 km SW of Port McNeill, Canada",us,Mww,21.5,2860000000000000.0,-7.566e+16,7.28e+16,-8140000000000000.0,2.889e+16,3.902e+16,328.0,85.0,161.0
nc72771146,2017-03-06T19:19:20.810000+00:00,40.3523333,-124.7748333,25.15,4.04,mw,near the coast of Northern California,nc,smi:nc.anss.org/momentTensor/TMTS,30.0,-20310000000000.0,-272100000000000.0,292400000000000.0,-1186000000000000.0,-611500000000000.0,400700000000000.0,,,
us20008uz8,2017-03-27T09:19:56.100000+00:00,41.8291,-126.8392,10.0,4.2,mwr,"208 km WSW of Pistol River, Oregon",us,Mwr,2.0,-2488000000000000.0,1045300000000000.0,1442700000000000.0,-597100000000000.0,-129300000000000.0,-364900000000000.0,138.32,48.69,-102.67
us10008qcc,2017-05-07T20:05:33.150000+00:00,50.792,-130.0603,12.8,4.4,mwr,"211 km W of Port McNeill, Canada",us,Mwr,14.0,-361000000000000.0,-26000000000000.0,311000000000000.0,86000000000000.0,-216000000000000.0,276000000000000.0,237.0,43.0,-45.0
us10008tjc,2017-05-19T12:09:14.580000+00:00,47.658,-128.0232,10.0,4.3,mwr,"228 km SW of Tofino, Canada",us,Mwr,24.0,2093400000000000.0,-2108200000000000.0,14800000000000.0,1237000000000000.0,1561600000000000.0,2286400000000000.0,89.41,59.46,41.14
us20009lss,2017-06-10T20:38:18.560000+00:00,50.6602,-130.0913,10.0,4.8,mwr,"212 km W of Port McNeill, Canada",us,Mwr,11.0,5064000000000000.0,-1.3787e+16,8723000000000000.0,-3324000000000000.0,9755000000000000.0,6650000000000000.0,65.74,51.13,17.33
nc72820761,2017-06-24T21:22:03.060000+00:00,40.2878333,-124.2988333,9.14,4.03,mw,near the coast of Northern California,nc,smi:nc.anss.org/momentTensor/TMTS,11.0,1007000000000000.0,-1510000000000000.0,502500000000000.0,-58940000000000.0,-451800000000000.0,119300000000000.0,,,
nc72852151,2017-07-29T00:02:40.910000+00:00,40.7821667,-125.1806667,26.54,5.08,mw,"80 km W of Indianola, California",nc,smi:nc.anss.org/momentTensor/TMTS,24.0,9254000000000000.0,-5.003e+16,4.078e+16,-1.225e+16,88390000000000.0,2.336e+16,,,
nc72852946,2017-07-29T17:08:26.240000+00:00,41.0753333,-125.3303333,24.34,4.58,mw,"99 km W of Trinidad, California",nc,smi:nc.anss.org/momentTensor/TMTS,24.0,2468000000000000.0,-9703000000000000.0,7235000000000000.0,903300000000000.0,-685500000000000.0,-3748000000000000.0,,,
us2000a712,2017-08-10T18:59:35.870000+00:00,41.9157,-125.6716,10.0,4.8,mww,"112 km WSW of Pistol River, Oregon",us,Mww,11.5,-3883000000000000.0,-1.4434e+16,1.8316e+16,-9206000000000000.0,8140000000000000.0,-5126000000000000.0,35.37,53.03,-7.32
us2000atbf,2017-09-22T19:50:15.250000+00:00,40.4105,-126.8326,12.68,5.7,mww,"218 km W of Ferndale, California",us,Mww,17.5,-6.163e+16,1.1533e+17,-5.37e+16,-1.2098e+17,-2.792e+16,-4.7312e+17,354.48,74.99,-4.5
us2000avt1,2017-09-28T07:48:04.560000+00:00,50.7781,-130.2348,10.0,4.4,mwr,"223 km W of Port McNeill, Canada",us,Mwr,4.0,-25000000000000.0,-3883000000000000.0,2724000000000000.0,-3323000000000000.0,-2751000000000000.0,792000000000000.0,140.0,38.0,176.0
us1000aq3b,2017-10-11T09:26:07.760000+00:00,48.3763,-127.9431,10.0,4.5,mwr,"172 km WSW of Tofino, Canada",us,Mwr,4.0,-3197000000000000.0,-327000000000000.0,2583000000000000.0,-3483000000000000.0,-5174000000000000.0,-737000000000000.0,152.0,18.0,-144.0
us1000arj3,2017-10-13T16:55:17.500000+00:00,43.4755,-127.1378,10.0,5.3,mww,"224 km W of Bandon, Oregon",us,Mww,15.5,-1.877e+16,-7.418e+16,9.295e+16,-1.1e+16,-2.671e+16,-7.66e+16,113.95,75.0,-176.79
us2000bmsh,2017-11-13T18:37:32.990000+00:00,49.5463,-129.3459,10.0,4.5,mwr,"199 km SW of Port McNeill, Canada",us,Mwr,3.0,-51000000000000.0,27000000000000.0,77000000000000.0,-509000000000000.0,-313000000000000.0,-18000000000000.0,201.0,2.0,-127.0
us2000bs8b,2017-11-21T09:47:09.380000+00:00,49.3777,-129.5926,10.0,4.9,mwr,"224 km SW of Port McNeill, Canada",us,Mwr,4.0,-4100000000000000.0,-7710000000000000.0,-2560000000000000.0,-1.216e+16,-2.453e+16,-1830000000000000.0,112.0,7.0,176.0
us2000bu3f,2017-11-24T17:36:12.190000+00:00,43.0924,-126.239,10.0,4.7,mww,"146 km W of Langlois, Oregon",us,Mww,11.5,-2175000000000000.0,-8122000000000000.0,1.0297e+16,-3474000000000000.0,-3068000000000000.0,-5772000000000000.0,121.15,66.94,-168.24
us1000bks1,2017-12-04T03:51:44.180000+00:00,50.595,-129.9469,10.0,4.8,mwr,"202 km W of Port McNeill, Canada",us,Mwr,14.0,4810000000000000.0,-1.5757e+16,1.0947e+16,5403000000000000.0,5713000000000000.0,6416000000000000.0,62.19,76.45,30.63
nc72939656,2017-12-14T04:57:18.580000+00:00,39.6076667,-123.6458333,7.04,4.26,mw,"17km WSW of Laytonville, CA",nc,smi:nc.anss.org/momentTensor/TMTS,11.0,-63670000000000.0,-1944000000000000.0,2007000000000000.0,653500000000000.0,539600000000000.0,2137000000000000.0,,,
us2000c5cg,2017-12-17T04:11:10.260000+00:00,50.2535,-129.7614,10.0,4.7,mwr,"193 km WSW of Port McNeill, Canada",us,Mwr,2.0,-5210000000000000.0,-3730000000000000.0,1180000000000000.0,-4380000000000000.0,-1.413e+16,120000000000000.0,157.0,8.0,-130.0
nc72950451,2018-01-07T19:01:00.490000+00:00,40.3986667,-125.2446667,29.45,4.52,mw,"82km W of Petrolia, CA",nc,smi:nc.anss.org/momentTensor/TMTS,11.0,-25520000000000.0,183800000000000.0,-158300000000000.0,373200000000000.0,-1085000000000000.0,-7466000000000000.0,,,
us2000cjjd,2018-01-14T19:10:55.150000+00:00,50.6375,-129.8723,10.0,4.7,mwr,"197 km W of Port McNeill, Canada",us,Mwr,4.0,7410000000000000.0,-9570000000000000.0,5420000000000000.0,-1.059e+16,4190000000000000.0,-2500000000000000.0,47.0,30.0,32.0
us1000cg8n,2018-01-14T21:41:22.970000+00:00,50.4562,-130.2932,10.0,4.3,mwr,"227 km W of Port McNeill, Canada",us,Mwr,14.0,-1581000000000000.0,-349000000000000.0,2258000000000000.0,895000000000000.0,-1935000000000000.0,1905000000000000.0,242.0,44.0,-29.0
nc72955520,2018-01-18T05:55:11.950000+00:00,38.785,-122.7433333,1.81,4.22,mw,"1km NE of The Geysers, CA",nc,smi:nc.anss.org/momentTensor/TMTS,5.0,-1881000000000000.0,-679700000000000.0,2561000000000000.0,211900000000000.0,-830300000000000.0,1240000000000000.0,,,
us2000cpba,2018-01-25T16:39:43.500000+00:00,40.4556,-126.3332,8.88,5.8,mww,"175 km W of Ferndale, California",us,Mww,11.5,-6.254e+16,8560000000000000.0,5.398e+16,4.661e+16,2.687e+16,-5.364e+17,181.04,84.48,-3.87
us2000cpcn,2018-01-25T17:24:34.140000+00:00,40.4185,-126.3804,10.89,5.1,mww,"180 km W of Ferndale, California",us,Mww,15.5,1593000000000000.0,-3471000000000000.0,1878000000000000.0,-4724000000000000.0,5143000000000000.0,-5.2941e+16,271.19,84.47,174.62
us2000cqrl,2018-01-28T22:46:16.210000+00:00,43.5517,-127.4685,10.0,5.5,mww,"252 km W of Bandon, Oregon",us,Mww,17.5,-2040000000000000.0,-1.7555e+17,1.7759e+17,-9390000000000000.0,6.812e+16,-1.5063e+17,293.79,76.77,172.06
nc72963436,2018-02-03T03:12:46.560000+00:00,40.801,-125.4455,13.29,4.33,mw,"103km WNW of Ferndale, CA",nc,smi:nc.anss.org/momentTensor/TMTS,14.0,845900000000000.0,-4220000000000000.0,3374000000000000.0,455000000000000.0,68220000000000.0,854000000000000.0,,,
us2000d9u5,2018-03-01T18:35:37.950000+00:00,50.8834,-129.8538,10.0,4.6,mwr,"198 km W of Port McNeill, Canada",us,Mwr,5.0,3203000000000000.0,-3935000000000000.0,1304000000000000.0,-3449000000000000.0,7459000000000000.0,2766000000000000.0,81.0,25.0,24.0
us2000dcth,2018-03-06T09:38:26.420000+00:00,49.8138,-127.3301,10.0,4.1,mwr,"73 km WSW of Vernon, Canada",us,Mwr,9.0,606000000000000.0,-1684000000000000.0,1219000000000000.0,691000000000000.0,1087000000000000.0,156000000000000.0,312.0,50.0,162.0
nc72981481,2018-03-09T06:01:28.350000+00:00,40.2918333,-124.5423333,15.09,4.48,mw,"22km W of Petrolia, CA",nc,smi:nc.anss.org/momentTensor/TMTS,14.0,177500000000000.0,-2738000000000000.0,2560000000000000.0,-85800000000000.0,381200000000000.0,-5952000000000000.0,,,
us1000d53z,2018-03-16T02:56:20.910000+00:00,48.9633,-129.8448,15.95,4.6,mwr,"268 km SW of Port McNeill, Canada",us,Mwr,4.0,-1174000000000000.0,1404000000000000.0,3078000000000000.0,-4589000000000000.0,-7970000000000000.0,-221000000000000.0,167.0,8.0,-132.0
nc72988726,2018-03-22T16:24:49.560000+00:00,40.7513333,-124.3891667,24.52,4.42,mw,"17km W of Humboldt Hill, CA",nc,smi:nc.anss.org/momentTensor/TMTS,18.0,2996000000000000.0,-4253000000000000.0,1258000000000000.0,769100000000000.0,-2712000000000000.0,-2614000000000000.0,,,
nc72988926,2018-03-23T03:09:39.100000+00:00,40.4278333,-124.5108333,25.19,4.66,mw,"22km WNW of Petrolia, CA",nc,smi:nc.anss.org/momentTensor/TMTS,27.0,1901000000000000.0,-1.16e+16,9697000000000000.0,1410000000000000.0,1816000000000000.0,-4945000000000000.0,,,
us1000ddgx,2018-04-03T04:21:17.420000+00:00,49.2457,-128.8585,10.0,4.4,mwr,"196 km SW of Port McNeill, Canada",us,Mwr,21.0,-106000000000000.0,-2671600000000000.0,2777600000000000.0,-513800000000000.0,-1202700000000000.0,-495400000000000.0,128.56,66.24,175.82
us1000dres,2018-04-24T17:41:17.850000+00:00,50.6168,-129.883,10.0,4.3,mwr,"197 km W of Port McNeill, Canada",us,Mwr,5.0,-162000000000000.0,-1851000000000000.0,697000000000000.0,-512000000000000.0,-2244000000000000.0,1075000000000000.0,71.0,37.0,6.0
nc73012946,2018-05-07T23:51:04.070000+00:00,40.677,-125.3246667,16.0,4.47,mw,"90km W of Ferndale, CA",nc,smi:nc.anss.org/momentTensor/TMTS,24.0,1297000000000000.0,-5956000000000000.0,4659000000000000.0,787300000000000.0,-783100000000000.0,-2974000000000000.0,,,
nc73014276,2018-05-10T02:58:30.910000+00:00,38.81,-122.7971667,1.89,4.19,mw,"5km NW of The Geysers, CA",nc,smi:nc.anss.org/momentTensor/TMTS,1.5,-1068000000000000.0,-1055000000000000.0,2124000000000000.0,-1385000000000000.0,-325300000000000.0,614600000000000.0,,,
us1000e1t4,2018-05-10T06:36:20.090000+00:00,49.0313,-128.8761,10.0,4.5,mwr,"213 km WSW of Vernon, Canada",us,Mwr,12.0,1058000000000000.0,-5876000000000000.0,5869000000000000.0,-3040000000000000.0,-1700000000000000.0,2222000000000000.0,145.0,61.0,178.0
us1000ebn3,2018-05-24T23:09:16.550000+00:00,43.7117,-127.8257,10.0,4.4,mwr,"284 km WNW of Bandon, Oregon",us,Mwr,6.0,-1384200000000000.0,-1943100000000000.0,3327300000000000.0,1798300000000000.0,-73600000000000.0,-3373800000000000.0,292.72,76.37,-153.8
us2000gck6,2018-07-24T12:16:31.960000+00:00,41.7122,-126.7798,10.0,4.9,mww,"207 km WSW of Pistol River, Oregon",us,Mww,15.5,-2.7652e+16,2195000000000000.0,2.5457e+16,5618000000000000.0,-1.3946e+16,3221000000000000.0,198.65,32.99,-69.65
us2000gcng,2018-07-24T14:28:15.680000+00:00,41.8055,-126.6563,10.0,5.2,mww,"194 km WSW of Pistol River, Oregon",us,Mww,11.5,-7.6353e+16,922000000000000.0,7.5431e+16,-5606000000000000.0,-1.5499e+16,2411000000000000.0,178.19,39.28,-95.71
us2000gcpa,2018-07-24T14:44:52.570000+00:00,41.8105,-126.8616,10.0,5.6,mww,"210 km WSW of Pistol River, Oregon",us,Mww,11.5,-2.6608e+17,8980000000000000.0,2.571e+17,-1.03e+17,-3.806e+16,1490000000000000.0,163.6,43.42,-116.74
us2000gcvi,2018-07-24T17:22:34.740000+00:00,41.7482,-126.9917,10.0,4.9,mww,"222 km WSW of Pistol River, Oregon",us,Mww,15.5,-1.9629e+16,3664000000000000.0,1.5965e+16,-2559000000000000.0,-2.0029e+16,1061000000000000.0,184.01,20.75,-92.44
nc73055086,2018-07-25T05:06:06.740000+00:00,40.3851667,-125.0523333,10.59,4.53,mw,"65km W of Petrolia, CA",nc,smi:nc.anss.org/momentTensor/TMTS,8.0,-1119000000000000.0,-917300000000000.0,2036000000000000.0,-209300000000000.0,-4886000000000000.0,-5777000000000000.0,,,
us2000ggpr,2018-07-29T14:10:22.630000+00:00,44.0248,-128.7797,10.0,5.3,mww,off the coast of Oregon,us,Mww,11.5,-7.227e+16,-3.567e+16,1.0794e+17,4.026e+16,-1.492e+16,-1.598e+16,202.55,47.64,-44.58
us2000gir2,2018-08-01T04:13:50.710000+00:00,50.5547,-129.8953,10.0,4.3,mwr,"199 km W of Port McNeill, Canada",us,Mwr,13.0,7100000000000.0,-835600000000000.0,828500000000000.0,-345000000000000.0,1929000000000000.0,2426600000000000.0,170.48,89.94,-142.63
us1000gel7,2018-08-21T13:10:07.490000+00:00,50.8522,-130.1495,10.0,4.9,mwr,"218 km W of Port McNeill, Canada",us,Mwr,5.0,4520000000000000.0,-1.674e+16,8380000000000000.0,-1.27e+16,2.002e+16,1.119e+16,69.0,34.0,13.0
us1000gf8u,2018-08-22T09:31:45.530000+00:00,43.5637,-127.7166,10.0,6.2,mww,"272 km W of Bandon, Oregon",us,Mww,15.5,-2.502e+17,-1.4106e+18,1.6608e+18,-4.612e+17,2.746e+17,-1.3599e+18,24.28,75.23,-1.05
us1000hfgn,2018-10-22T05:39:39.590000+00:00,49.2586,-129.4124,10.0,6.5,mww,"223 km SW of Port McNeill, Canada",us,Mww,21.5,-8.543e+17,-7.1026e+18,7.9569e+18,-7.823e+17,1.7063e+18,-2.1343e+18,37.6,78.93,4.25
us1000hfgv,2018-10-22T06:16:26.450000+00:00,49.3346,-129.289,10.0,6.8,mww,"210 km SW of Port McNeill, Canada",us,Mww,21.5,-1.632e+18,-1.7132e+19,1.8765e+19,3.163e+18,1.414e+18,-4.148e+18,308.99,79.99,-174.05
us1000hfh3,2018-10-22T06:22:48.120000+00:00,49.297,-129.7237,10.0,6.5,mww,"237 km SW of Port McNeill, Canada",us,Mww,13.5,2800000000000000.0,-5.9687e+18,5.966e+18,5.24e+17,-3.395e+17,2.3036e+18,235.46,84.87,-2.11
us1000hfn8,2018-10-22T16:27:00.900000+00:00,49.0689,-128.9922,10.0,5.2,mww,"217 km SW of Port McNeill, Canada",us,Mww,15.5,-1.186e+16,-6.4196e+16,7.6057e+16,-1.428e+16,7760000000000000.0,-3.612e+16,31.16,77.73,-3.2
us2000i53f,2018-11-01T04:22:19.760000+00:00,49.3356,-129.3083,10.0,4.9,mww,"211 km SW of Port McNeill, Canada",us,Mww,11.5,-5925000000000000.0,-2.6049e+16,3.1974e+16,-1354000000000000.0,-4010000000000000.0,-8240000000000000.0,126.98,82.49,179.72
uw61504942,2018-11-19T11:09:13.130000+00:00,47.711333333333336,-123.55416666666666,39.42,4.08,ml,"38 km NE of Amanda Park, Washington",us,Mwr,36.0,-687740000000000.0,-258240000000000.0,945970000000000.0,175180000000000.0,-86760000000000.0,66920000000000.0,344.68,50.93,-116.02
us1000hzc2,2018-12-01T07:33:47.180000+00:00,50.0974,-129.4077,10.0,4.7,mwr,"174 km WSW of Port McNeill, Canada",us,Mwr,10.0,630000000000000.0,-4100000000000000.0,8130000000000000.0,-7500000000000000.0,-3830000000000000.0,8780000000000000.0,161.0,52.0,-179.0
us1000i5cf,2018-12-09T16:20:13.320000+00:00,49.0257,-128.8745,10.0,5.4,mww,"213 km WSW of Vernon, Canada",us,Mww,15.5,-1.303e+16,-1.3682e+17,1.4986e+17,1.482e+16,2.151e+16,-5.025e+16,305.39,80.11,-178.88
us1000i5di,2018-12-09T17:48:40.940000+00:00,48.9734,-128.7003,10.0,4.6,mwr,"205 km W of Tofino, Canada",us,Mwr,6.0,7280000000000000.0,-7090000000000000.0,4790000000000000.0,5140000000000000.0,4530000000000000.0,-1050000000000000.0,296.0,35.0,143.0
us1000i5dt,2018-12-09T18:14:23.930000+00:00,49.0242,-128.5416,10.0,4.6,mwr,"192 km W of Tofino, Canada",us,Mwr,4.0,-4835000000000000.0,-1280000000000000.0,2238000000000000.0,-4885000000000000.0,-5677000000000000.0,373000000000000.0,170.0,16.0,-135.0
nc73132506,2019-01-13T09:35:49.870000+00:00,40.3836667,-125.0093333,16.09,4.25,mw,"62km W of Petrolia, CA",nc,smi:nc.anss.org/momentTensor/TMTS,18.0,448800000000000.0,-1311000000000000.0,862000000000000.0,1313000000000000.0,2256000000000000.0,-916700000000000.0,,,
nc73133256,2019-01-15T20:20:20.120000+00:00,40.3216667,-124.4723333,7.09,4.08,mw,"16km W of Petrolia, CA",nc,smi:nc.anss.org/momentTensor/TMTS,5.0,-38970000000000.0,181000000000000.0,-142000000000000.0,1151000000000000.0,-1169000000000000.0,154700000000000.0,,,
us2000j4vi,2019-01-17T03:23:44.360000+00:00,50.7626,-129.6421,10.0,4.9,mwr,"181 km W of Port McNeill, Canada",us,Mwr,3.0,-4920000000000000.0,-9500000000000000.0,3290000000000000.0,-9320000000000000.0,2.09e+16,3770000000000000.0,60.0,18.0,-6.0
nc73139111,2019-02-02T10:52:21.990000+00:00,40.3006667,-124.4946667,6.44,4.3,mw,"18km W of Petrolia, CA",nc,smi:nc.anss.org/momentTensor/TMTS,8.0,3295000000000000.0,-537300000000000.0,-2758000000000000.0,967100000000000.0,-1033000000000000.0,1105000000000000.0,,,
nc73139336,2019-02-03T22:18:12.650000+00:00,40.2893333,-124.4741667,7.33,4.48,mw,"16km WSW of Petrolia, CA",nc,smi:nc.anss.org/momentTensor/TMTS,5.0,1255000000000000.0,1490000000000000.0,-2745000000000000.0,2074000000000000.0,-3740000000000000.0,-4442000000000000.0,,,
nc73139366,2019-02-03T23:43:21.810000+00:00,40.307,-124.4965,7.66,4.19,mw,"18km W of Petrolia, CA",nc,smi:nc.anss.org/momentTensor/TMTS,5.0,1144000000000000.0,181500000000000.0,-1325000000000000.0,45240000000000.0,-1988000000000000.0,344000000000000.0,,,
nc73138600,2019-02-06T18:23:01.570000+00:00,40.8465,-123.8395,25.83,4.39,mw,"13km ESE of Blue Lake, CA",nc,smi:nc.anss.org/momentTensor/TMTS,30.0,766500000000000.0,-4440000000000000.0,3673000000000000.0,-1653000000000000.0,-1821000000000000.0,786000000000000.0,,,
us2000jg5i,2019-02-11T00:02:01.050000+00:00,50.7226,-130.0961,10.0,4.1,mwr,"213 km W of Port McNeill, Canada",us,Mwr,8.0,167000000000000.0,-1654600000000000.0,1487600000000000.0,618600000000000.0,702600000000000.0,738100000000000.0,59.26,82.55,27.3
usd0009e9t,2019-02-14T00:34:43.730000+00:00,50.7098,-130.0867,10.0,5.3,mww,"212 km W of Port McNeill, Canada",us,Mww,13.5,8510000000000000.0,-4.789e+16,3.938e+16,-4920000000000000.0,1.015e+16,1.0018e+17,78.18,84.37,-0.76
nc73145321,2019-02-24T21:05:12.470000+00:00,40.3881667,-125.0716667,11.08,4.08,mw,"67km W of Petrolia, CA",nc,smi:nc.anss.org/momentTensor/TMTS,8.0,-3630000000000.0,-344400000000000.0,348000000000000.0,-129000000000000.0,-799400000000000.0,-1394000000000000.0,,,
nc73155640,2019-03-24T11:32:02.010000+00:00,40.419,-125.1371667,6.86,4.35,mw,"73km W of Petrolia, CA",nc,smi:nc.anss.org/momentTensor/TMTS,5.0,-133900000000000.0,-740600000000000.0,874600000000000.0,-572300000000000.0,-553600000000000.0,-3980000000000000.0,,,
nc73157855,2019-03-29T04:55:25.890000+00:00,40.4288333,-124.4655,27.8,4.19,mw,"19km NW of Petrolia, CA",nc,smi:nc.anss.org/momentTensor/TMTS,30.0,-18020000000000.0,-2324000000000000.0,2342000000000000.0,230800000000000.0,-188000000000000.0,-593300000000000.0,,,
us700033n5,2019-04-10T14:11:31.833000+00:00,44.0526,-128.8198,10.0,4.7,mww,off the coast of Oregon,us,Mww,13.5,-6108000000000000.0,-6075000000000000.0,1.2182e+16,-1153000000000000.0,2990000000000000.0,-9973000000000000.0,290.88,82.9,175.93
nc73166265,2019-04-15T11:54:03.180000+00:00,38.8148333,-122.7991667,1.24,4.12,mw,"6km NW of The Geysers, CA",nc,smi:nc.anss.org/momentTensor/TMTS,5.0,-489600000000000.0,-1206000000000000.0,1695000000000000.0,702000000000000.0,-84860000000000.0,841400000000000.0,,,
us70003adv,2019-04-22T20:26:58.361000+00:00,50.3153,-130.0769,8.34,4.9,mww,"214 km W of Port McNeill, Canada",us,Mww,11.5,-8818000000000000.0,-1.1976e+16,2.0794e+16,-9536000000000000.0,1.0315e+16,7290000000000000.0,50.41,49.85,-21.15
us70003afb,2019-04-22T21:44:41.970000+00:00,50.2225,-130.1725,10.0,5.5,mww,"223 km WSW of Port McNeill, Canada",us,Mww,11.5,-5.752e+16,-2.0465e+17,2.6216e+17,-2.508e+16,6.42e+16,4.2e+16,50.41,74.26,-0.8
nc73173775,2019-04-29T07:16:08.430000+00:00,39.3456667,-123.238,6.25,4.32,mw,"9km NNW of Redwood Valley, CA",nc,smi:nc.anss.org/momentTensor/TMTS,18.0,1361000000000000.0,-2747000000000000.0,1386000000000000.0,-122800000000000.0,881400000000000.0,3001000000000000.0,,,
us70003gxb,2019-05-05T06:46:57.006000+00:00,40.6203,-127.3338,10.0,5.0,mww,"259 km W of Ferndale, California",us,Mww,11.5,-3.6469e+16,2499000000000000.0,3.397e+16,4126000000000000.0,-1.7021e+16,-2513000000000000.0,178.92,32.05,-83.82
us70003jwm,2019-05-11T22:11:12.653000+00:00,41.7957,-126.0252,10.75,4.1,mwr,off the coast of Northern California,us,Mwr,24.0,143000000000000.0,-1730000000000000.0,1587000000000000.0,53000000000000.0,-938000000000000.0,333000000000000.0,138.0,76.0,158.0
nc73195396,2019-06-11T07:46:25.470000+00:00,38.8136667,-122.8233333,1.97,4.07,mw,"7km NW of The Geysers, CA",nc,smi:nc.anss.org/momentTensor/TMTS,5.0,-1208000000000000.0,-601600000000000.0,1810000000000000.0,74580000000000.0,134400000000000.0,661200000000000.0,,,
us600044lt,2019-06-22T12:43:42.498000+00:00,43.8516,-128.4773,10.0,4.9,mww,off the coast of Oregon,us,Mww,11.5,-3.0002e+16,2813000000000000.0,2.7189e+16,-1951000000000000.0,-809000000000000.0,5876000000000000.0,189.77,43.89,-94.5
us600044lu,2019-06-22T12:52:01.945000+00:00,43.7669,-128.4022,10.0,5.3,mww,off the coast of Oregon,us,Mww,11.5,-1.0947e+17,4140000000000000.0,1.0533e+17,4.137e+16,-5.208e+16,2.441e+16,211.07,37.72,-56.97
us600044ly,2019-06-22T13:00:14.319000+00:00,43.7936,-128.5192,10.0,5.3,mww,off the coast of Oregon,us,Mww,11.5,-1.0251e+17,5950000000000000.0,9.656e+16,-1.294e+16,-3380000000000000.0,1.057e+16,180.1,43.99,-99.42
us600044mf,2019-06-22T13:40:13.688000+00:00,43.7798,-128.5184,10.0,4.7,mww,off the coast of Oregon,us,Mww,11.5,-1.6723e+16,1133000000000000.0,1.5591e+16,-1870000000000000.0,-2609000000000000.0,1310000000000000.0,180.13,40.38,-97.82
us600044mm,2019-06-22T14:26:42.503000+00:00,43.6792,-128.4694,10.0,4.6,mww,off the coast of Oregon,us,Mww,11.5,-6545900000000000.0,1114300000000000.0,5431700000000000.0,1120000000000000.0,-6517700000000000.0,239800000000000.0,188.0,21.6,-76.98
nc73201181,2019-06-23T03:53:02.890000+00:00,40.2735,-124.3003333,9.44,5.58,mw,"6km SSW of Petrolia, CA",nc,smi:nc.anss.org/momentTensor/TMTS,18.0,-1.384e+16,-1.925e+17,2.063e+17,5.617e+16,2616000000000000.0,-2.117e+17,,,
us700049sf,2019-07-04T04:30:44.424000+00:00,51.2369,-130.5005,10.0,6.2,mww,"250 km WNW of Port McNeill, Canada",us,Mww,11.5,-2.998e+17,-1.1019e+18,1.4017e+18,2.213e+17,-1.0804e+18,2.1746e+18,254.88,65.91,-2.66
us70004b04,2019-07-05T12:51:38.635000+00:00,51.4142,-130.5286,10.0,4.7,mwr,"258 km WNW of Port McNeill, Canada",us,Mwr,18.0,-293000000000000.0,-3112000000000000.0,3405000000000000.0,-2785000000000000.0,6888000000000000.0,9850000000000000.0,171.32,85.96,-145.48
us70004b08,2019-07-05T12:58:27.988000+00:00,51.3441,-130.5744,9.0,5.6,mww,"258 km WNW of Port McNeill, Canada",us,Mww,11.5,-1.083e+16,-1.6273e+17,1.7356e+17,5.699e+16,5.173e+16,2.2142e+17,340.72,76.31,175.14
uw61535372,2019-07-12T09:51:38.340000+00:00,47.8728333333333,-122.016333333333,28.82,4.58,ml,"2 km S of Roosevelt, Washington",us,Mww,35.5,6874800000000000.0,-3549600000000000.0,-3325200000000000.0,-843600000000000.0,1242800000000000.0,-2966700000000000.0,236.78,44.93,105.62
us70004m7u,2019-07-17T14:59:59.507000+00:00,43.4212,-127.1745,10.0,5.4,mww,"227 km W of Bandon, Oregon",us,Mww,17.5,-3570000000000000.0,-1.0493e+17,1.085e+17,-3.243e+16,4.995e+16,-1.0986e+17,23.63,74.03,10.08
us60005024,2019-08-03T04:11:45.107000+00:00,50.5552,-129.7825,3.13,4.4,mwr,"191 km W of Port McNeill, Canada",us,Mwr,6.0,-1083700000000000.0,107200000000000.0,976500000000000.0,334700000000000.0,1369700000000000.0,3908500000000000.0,87.08,69.85,-2.84
us6000561j,2019-08-16T15:23:18.914000+00:00,44.2729,-129.3962,10.0,5.4,mww,off the coast of Oregon,us,Mww,11.5,-7.998e+16,-8.145e+16,1.6143e+17,2.317e+16,-1.541e+16,-9.809e+16,204.08,71.24,-12.71
us700059qh,2019-08-29T15:07:58.646000+00:00,43.5425,-127.8817,10.0,6.3,mww,"285 km W of Bandon, Oregon",us,Mww,11.5,-3.621e+17,-2.0499e+18,2.4121e+18,-3.872e+17,-2.63e+16,-2.0922e+18,23.16,82.87,-4.48
us70005cba,2019-09-05T15:02:45.258000+00:00,43.7183,-127.8191,10.0,5.9,mww,"284 km WNW of Bandon, Oregon",us,Mww,11.5,1.635e+16,-8.4462e+17,8.2827e+17,-2.3256e+17,9.04e+16,5.826e+16,46.15,75.6,-6.06
us70005v67,2019-10-17T20:43:27.207000+00:00,42.9963,-126.3231,10.0,4.8,mww,"151 km W of Port Orford, Oregon",us,Mww,15.5,-4927000000000000.0,-9241000000000000.0,1.4168e+16,-4571000000000000.0,1229000000000000.0,-1.0823e+16,22.26,70.06,-10.49
nc73298125,2019-10-28T11:01:04.330000+00:00,41.8911667,-125.8366667,9.99,5.24,mw,"130km W of Brookings, OR",us,Mww,11.5,-1.87e+16,-1.0061e+17,1.1931e+17,-7130000000000000.0,2.968e+16,1.74e+16,50.07,77.22,3.34
nc73300395,2019-11-03T20:34:57.030000+00:00,38.775,-122.767,3.12,4.15,mw,"1km WSW of The Geysers, CA",nc,smi:nc.anss.org/momentTensor/TMTS,1.5,-819100000000000.0,-1030000000000000.0,1849000000000000.0,836700000000000.0,-74430000000000.0,1036000000000000.0,,,
uw61562126,2019-11-30T01:45:12.620000+00:00,42.776,-124.476666666667,16.65,4.53,ml,"3 km NNE of Port Orford, Oregon",us,Mwr,14.0,2382000000000000.0,-1609900000000000.0,-772000000000000.0,1352700000000000.0,-4664000000000000.0,2156400000000000.0,280.93,23.41,34.67
nc73316566,2019-12-19T15:30:12.980000+00:00,40.2758333,-124.3633333,21.4,4.06,mw,"9km SW of Petrolia, CA",nc,smi:nc.anss.org/momentTensor/TMTS,30.0,149500000000000.0,-624800000000000.0,475300000000000.0,60570000000000.0,-209900000000000.0,-1407000000000000.0,,,
us70006q6p,2019-12-23T16:44:13.789000+00:00,50.5667,-129.7193,10.0,5.2,mww,"186 km W of Port McNeill, Canada",us,Mww,11.5,-8820000000000000.0,-7.1863e+16,8.0683e+16,8005000000000000.0,1.5668e+16,3454000000000000.0,315.97,78.11,178.0
us70006q8f,2019-12-23T19:13:25.075000+00:00,50.543,-129.8328,10.0,5.7,mww,"194 km W of Port McNeill, Canada",us,Mww,11.5,3.361e+16,-4.1351e+17,3.799e+17,-4.897e+16,1.4334e+17,1.387e+16,47.6,71.08,9.47
us70006q8n,2019-12-23T19:49:43.086000+00:00,50.6071,-129.9372,10.0,6.0,mww,"201 km W of Port McNeill, Canada",us,Mww,11.5,-1.086e+17,-1.1459e+18,1.2545e+18,1.732e+17,2.401e+17,3.969e+17,323.8,77.82,177.66
us70006q96,2019-12-23T20:56:23.555000+00:00,50.5169,-129.7573,10.0,6.0,mww,"189 km W of Port McNeill, Canada",us,Mww,11.5,-4.79e+16,-1.2799e+18,1.3278e+18,-2.77e+17,-4.29e+16,8.05e+16,137.38,79.96,-172.97
us70006qaq,2019-12-23T22:20:06.787000+00:00,50.6098,-129.5163,10.0,4.4,mwr,"172 km W of Port McNeill, Canada",us,Mwr,6.0,-599000000000000.0,-5419000000000000.0,4500000000000000.0,-369000000000000.0,-1279000000000000.0,982000000000000.0,140.0,78.0,173.0
us70006qcr,2019-12-23T23:38:28.951000+00:00,50.6964,-129.7652,10.0,4.9,mwr,"Vancouver Island, Canada region",us,Mwr,5.0,-6520000000000000.0,-2.553e+16,2.394e+16,6090000000000000.0,-6270000000000000.0,7500000000000000.0,233.0,71.0,-6.0
us70006qt7,2019-12-25T03:36:01.626000+00:00,50.6106,-129.963,6.58,6.3,mww,"203 km W of Port McNeill, Canada",us,Mww,11.5,-2.486e+17,-1.8972e+18,2.1459e+18,4.724e+17,7.656e+17,2.1394e+18,337.38,77.86,172.08
us70006wis,2020-01-08T20:20:41.902000+00:00,50.9158,-129.9784,10.0,4.6,mwr,"207 km W of Port McNeill, Canada",us,Mwr,7.0,177000000000000.0,-7664000000000000.0,8194000000000000.0,-2329000000000000.0,-1654000000000000.0,1771000000000000.0,142.0,71.0,-179.0
us60007f42,2020-01-24T21:35:29.100000+00:00,48.5488,-125.1845,10.0,4.5,mwr,"46 km WNW of Neah Bay, Washington",us,Mwr,31.0,-454500000000000.0,-1476000000000000.0,1930600000000000.0,1686600000000000.0,-3111700000000000.0,5161600000000000.0,352.49,82.09,-149.15
us70007t8b,2020-02-19T21:38:00.691000+00:00,43.677,-128.5221,9.84,4.9,mww,off the coast of Oregon,us,Mww,11.5,-4068000000000000.0,-1.5786e+16,1.9853e+16,913000000000000.0,-1940000000000000.0,-1.9064e+16,201.6,87.19,2.55
nc73344735,2020-02-22T19:14:27.580000+00:00,40.2895,-124.6736667,7.07,4.33,mw,"33km W of Petrolia, CA",nc,smi:nc.anss.org/momentTensor/TMTS,11.0,-441000000000000.0,1163000000000000.0,-722200000000000.0,1210000000000000.0,1207000000000000.0,-3376000000000000.0,,,
us600087vh,2020-03-02T13:43:22.974000+00:00,50.6612,-130.0154,10.0,4.4,mwr,"207 km W of Port McNeill, Canada",us,Mwr,7.0,281000000000000.0,-4010000000000000.0,5646000000000000.0,1312000000000000.0,-119000000000000.0,704000000000000.0,228.0,79.0,-11.0
us70008rpi,2020-03-05T23:22:28.026000+00:00,51.2286,-130.115,10.0,4.0,mwr,"224 km WNW of Port McNeill, Canada",us,Mwr,7.0,-944000000000000.0,61000000000000.0,930000000000000.0,421000000000000.0,-635000000000000.0,564000000000000.0,232.0,42.0,-45.0
nc73351710,2020-03-09T02:59:08.860000+00:00,40.3916667,-125.0936667,3.19,5.77,mw,"69km W of Petrolia, CA",nc,smi:nc.anss.org/momentTensor/TMTS,8.0,-8.054e+16,-3.611e+16,1.166e+17,-1.247e+16,-1.912e+17,-5.189e+17,,,
nc73351825,2020-03-09T06:32:59.890000+00:00,40.3648333,-125.1431667,7.2,4.94,mw,"73km W of Petrolia, CA",nc,smi:nc.anss.org/momentTensor/TMTS,11.0,-2723000000000000.0,2520000000000000.0,203400000000000.0,1.037e+16,2827000000000000.0,-2.984e+16,,,
nc73355700,2020-03-18T22:08:20.920000+00:00,40.3475,-124.4561667,28.61,5.21,mw,"15km W of Petrolia, CA",nc,smi:nc.anss.org/momentTensor/TMTS,33.0,586000000000000.0,-7.801e+16,7.743e+16,772400000000000.0,9080000000000000.0,-2.179e+16,,,
nn00719663,2020-03-21T01:33:35.369000+00:00,39.1112,-119.7361,8.4,4.5,ml,"5 km NE of Indian Hills, Nevada",us,Mww,17.5,-2.2454e+16,8126000000000000.0,1.4327e+16,3798000000000000.0,-1694000000000000.0,3285000000000000.0,211.18,45.47,-78.8
nc73357410,2020-03-22T16:27:38.070000+00:00,40.4251667,-124.827,12.4,4.78,mw,"47km WNW of Petrolia, CA",nc,smi:nc.anss.org/momentTensor/TMTS,14.0,222700000000000.0,-1.836e+16,1.814e+16,-1478000000000000.0,952200000000000.0,-1536000000000000.0,,,
nc73358970,2020-03-25T11:57:38+00:00,38.7903333,-122.765,2.15,4.06,mw,"2km NNW of The Geysers, CA",nc,smi:nc.anss.org/momentTensor/TMTS,3.5,-333700000000000.0,-873000000000000.0,1207000000000000.0,555300000000000.0,730100000000000.0,-541700000000000.0,,,
us70008idh,2020-03-29T18:28:54.489000+00:00,50.5542,-130.0812,10.0,4.0,mwr,"212 km W of Port McNeill, Canada",us,Mwr,5.0,-238000000000000.0,-1060000000000000.0,1037000000000000.0,491000000000000.0,-179000000000000.0,189000000000000.0,227.0,68.0,-14.0
us70008idy,2020-03-29T19:32:03.522000+00:00,50.6501,-130.0501,10.0,4.3,mwr,"209 km W of Port McNeill, Canada",us,Mwr,6.0,-281000000000000.0,-3509000000000000.0,3151000000000000.0,-1268000000000000.0,385000000000000.0,-1577000000000000.0,31.0,71.0,-5.0
us70009dld,2020-05-10T04:46:01.644000+00:00,49.5422,-127.6367,10.0,4.8,mwr,"106 km WSW of Vernon, Canada",us,Mwr,7.0,2780000000000000.0,-1.085e+16,7210000000000000.0,2770000000000000.0,-5590000000000000.0,-1.589e+16,103.0,74.0,165.0
us70009jgt,2020-05-18T06:56:01.579000+00:00,40.7714,-127.2271,10.0,5.0,mww,"251 km W of Ferndale, California",us,Mww,17.5,-3.4064e+16,4120000000000000.0,2.9944e+16,1.2771e+16,-3.1354e+16,-2385000000000000.0,182.47,22.77,-72.04
us70009jgy,2020-05-18T07:02:34.591000+00:00,40.8483,-127.1918,10.0,5.3,mww,"249 km W of Ferndale, California",us,Mww,11.5,-1.0228e+17,4040000000000000.0,9.823e+16,1.132e+16,-4.201e+16,-1.479e+16,173.69,33.5,-85.94
nc73390316,2020-05-19T15:58:31.620000+00:00,40.4538333,-124.562,23.64,4.17,mw,"28km WNW of Petrolia, CA",nc,smi:nc.anss.org/momentTensor/TMTS,24.0,14000000000000.0,-2253000000000000.0,2239000000000000.0,235900000000000.0,-67610000000000.0,-287400000000000.0,,,
us70009nx6,2020-05-23T02:14:51.372000+00:00,50.4322,-129.5266,10.0,5.2,mww,"173 km W of Port McNeill, Canada",us,Mww,11.5,-8333000000000000.0,-5.7631e+16,6.5965e+16,-2.8478e+16,3273000000000000.0,2635000000000000.0,43.47,71.22,-16.35
us6000adrw,2020-06-17T21:08:09.770000+00:00,41.7938,-126.0193,22.03,4.5,mwr,"144 km WSW of Pistol River, Oregon",us,Mwr,28.0,1337800000000000.0,-6385500000000000.0,5047800000000000.0,188400000000000.0,-2730900000000000.0,-414000000000000.0,129.41,71.23,158.98
us7000at13,2020-07-22T11:33:24.746000+00:00,49.0995,-129.0303,10.0,5.0,mwr,"216 km SW of Port McNeill, Canada",us,Mwr,4.0,-1.4007e+16,-3.025e+16,4.4257e+16,-2408000000000000.0,-3984000000000000.0,-1.5183e+16,124.1,81.3,-175.83
nc73446356,2020-08-19T00:55:23.190000+00:00,39.3605,-123.2458333,8.19,4.22,mw,"11km ESE of Willits, CA",nc,smi:nc.anss.org/momentTensor/TMTS,11.0,603300000000000.0,-2399000000000000.0,1795000000000000.0,761000000000000.0,686400000000000.0,1189000000000000.0,,,
us6000bh21,2020-08-19T11:40:56.218000+00:00,50.655,-129.9681,4.99,4.1,mwr,"204 km W of Port McNeill, Canada",us,Mwr,7.0,-440000000000000.0,-1344700000000000.0,1784700000000000.0,-72500000000000.0,1103000000000000.0,92300000000000.0,50.12,66.26,8.49
us6000c5n5,2020-10-05T10:47:32.257000+00:00,47.5671,-128.9743,10.0,4.6,mwr,"287 km SW of Tofino, Canada",us,Mwr,3.0,-3247000000000000.0,-2640000000000000.0,3584000000000000.0,5578000000000000.0,6892000000000000.0,973000000000000.0,334.0,19.0,-153.0
us7000cm44,2020-10-16T13:56:35.569000+00:00,51.3186,-130.2286,10.0,4.2,mwr,"235 km WNW of Port McNeill, Canada",us,Mwr,5.0,-232000000000000.0,-1237000000000000.0,1304000000000000.0,-525000000000000.0,263000000000000.0,1700000000000000.0,163.0,79.0,-168.0
nc73494405,2020-12-06T15:03:33.260000+00:00,39.0376667,-123.0671667,4.95,4.39,mw,"13km W of Lakeport, CA",nc,smi:nc.anss.org/momentTensor/TMTS,5.0,1920000000000000.0,-5138000000000000.0,3217000000000000.0,1416000000000000.0,-530100000000000.0,2070000000000000.0,,,
us6000d2zn,2020-12-25T17:13:47.265000+00:00,50.6013,-130.1077,10.0,4.7,mwr,"213 km W of Port McNeill, Canada",us,Mwr,5.0,-2237000000000000.0,-8508000000000000.0,1.0745e+16,6387000000000000.0,5079000000000000.0,-685000000000000.0,219.77,81.73,-40.43
us6000d3xn,2020-12-29T07:10:29.079000+00:00,43.389,-126.9951,10.0,5.7,mww,"212 km W of Bandon, Oregon",us,Mww,11.5,-2.842e+16,-2.671e+17,2.9552e+17,-7.32e+16,9.836e+16,-2.5659e+17,24.77,75.54,6.36
nc73510010,2021-01-12T13:22:06.270000+00:00,40.3945,-125.1895,3.46,4.34,mw,"77km W of Petrolia, CA",nc,smi:nc.anss.org/momentTensor/TMTS,21.0,-710500000000000.0,-3180000000000000.0,3890000000000000.0,-146900000000000.0,-2283000000000000.0,292400000000000.0,,,
nc73512440,2021-01-17T06:25:18.410000+00:00,40.3806667,-125.2311667,14.72,4.39,mw,"80km W of Petrolia, CA",nc,smi:nc.anss.org/momentTensor/TMTS,5.0,-464800000000000.0,-338500000000000.0,803300000000000.0,714000000000000.0,2004000000000000.0,-4207000000000000.0,,,
us7000d3rk,2021-01-27T16:25:17.269000+00:00,40.5301,-127.0419,10.0,4.6,mwr,"235 km W of Ferndale, California",us,Mwr,6.0,-6677000000000000.0,2346200000000000.0,4330700000000000.0,1052500000000000.0,-5442900000000000.0,-3941800000000000.0,338.51,64.55,-74.31
us6000djrl,2021-02-20T21:15:53.971000+00:00,43.669,-127.92,10.0,5.1,mww,"290 km W of Bandon, Oregon",us,Mww,11.5,-5579000000000000.0,-3.6107e+16,4.1687e+16,-7297000000000000.0,1.9836e+16,-3.9198e+16,291.09,77.35,168.79
us6000djrq,2021-02-20T21:22:34.963000+00:00,43.6654,-128.1423,10.0,4.9,mww,off the coast of Oregon,us,Mww,11.5,-2830000000000000.0,-1.8432e+16,2.1262e+16,-5780000000000000.0,6661000000000000.0,-2.3546e+16,20.81,76.99,5.39
us6000dk33,2021-02-22T13:54:30.651000+00:00,47.7286,-128.5833,10.0,4.4,mwr,"253 km SW of Tofino, Canada",us,Mwr,28.0,474600000000000.0,-4010600000000000.0,3536100000000000.0,1284600000000000.0,-2362300000000000.0,400500000000000.0,136.18,82.91,145.61
nc73540836,2021-03-28T00:19:26.590000+00:00,40.364,-125.3168333,9.72,4.09,mw,"88km W of Petrolia, CA",nc,smi:nc.anss.org/momentTensor/TMTS,8.0,-60110000000000.0,-268100000000000.0,328200000000000.0,-14920000000000.0,-552700000000000.0,-1605000000000000.0,,,
nc73541781,2021-03-30T15:51:23.240000+00:00,40.3685,-125.1813333,9.72,4.69,mw,"76km W of Petrolia, CA",nc,smi:nc.anss.org/momentTensor/TMTS,5.0,-1949000000000000.0,-808700000000000.0,2758000000000000.0,-2092000000000000.0,2295000000000000.0,-1.315e+16,,,
nc73545020,2021-04-02T08:21:35.290000+00:00,40.3035,-124.601,19.11,4.36,mw,"27km W of Petrolia, CA",nc,smi:nc.anss.org/momentTensor/TMTS,27.0,-1080000000000000.0,711700000000000.0,368800000000000.0,229600000000000.0,-765100000000000.0,-4232000000000000.0,,,
nc73552000,2021-04-20T09:48:34.270000+00:00,40.188,-123.5988333,33.89,4.03,mw,"20km ENE of Redway, CA",nc,smi:nc.anss.org/momentTensor/TMTS,36.0,81330000000000.0,-1231000000000000.0,1149000000000000.0,-158300000000000.0,70750000000000.0,704100000000000.0,,,
us7000dyia,2021-04-29T10:30:23.208000+00:00,43.8194,-128.0455,10.0,5.4,mww,off the coast of Oregon,us,Mww,11.5,-1.4416e+17,-3380000000000000.0,1.4754e+17,-4.691e+16,-1.899e+16,1.321e+16,169.51,42.73,-114.07
us7000dyib,2021-04-29T10:35:45.108000+00:00,43.871,-128.4099,10.0,5.2,mww,off the coast of Oregon,us,Mww,11.5,-8.7007e+16,1.0278e+16,7.6728e+16,2.4332e+16,-1.4089e+16,2.1066e+16,210.82,44.7,-67.87
us7000dyid,2021-04-29T10:58:33.219000+00:00,43.8937,-128.4355,10.0,5.3,mww,off the coast of Oregon,us,Mww,11.5,-9.7499e+16,1.1573e+16,8.5926e+16,-1352000000000000.0,-2.009e+16,1.69e+16,193.73,39.01,-87.58
nc73559265,2021-05-07T04:35:14.150000+00:00,39.461,-120.3145,10.12,4.65,mw,"19km NW of Truckee, CA",nc,smi:nc.anss.org/momentTensor/TMTS,14.0,206700000000000.0,-1.023e+16,1.002e+16,-376100000000000.0,1683000000000000.0,5492000000000000.0,,,
nc73566711,2021-05-28T15:25:21.840000+00:00,39.1221667,-120.0286667,7.02,4.15,mw,"10km SE of Dollar Point, CA",nc,smi:nc.anss.org/momentTensor/TMTS,14.0,5730000000000.0,-1680000000000000.0,1674000000000000.0,238200000000000.0,213900000000000.0,1194000000000000.0,,,
us7000e9mg,2021-06-04T07:52:43.544000+00:00,42.2881,-126.2778,16.57,5.9,mww,"153 km W of Gold Beach, Oregon",us,Mww,11.5,-6.321e+16,-7.1031e+17,7.7352e+17,-1.9834e+17,5.937e+16,2.2298e+17,52.32,77.61,-9.7
us7000e9mr,2021-06-04T08:17:00.663000+00:00,42.2405,-126.218,13.91,5.9,mww,"149 km W of Gold Beach, Oregon",us,Mww,11.5,-9.259e+16,-8.4295e+17,9.3554e+17,-1.789e+17,7.321e+16,3.0634e+17,53.85,79.47,-7.36
us7000e9t0,2021-06-04T19:28:11.720000+00:00,42.3068,-126.2266,10.0,4.7,mwr,"149 km W of Gold Beach, Oregon",us,Mwr,22.0,6090000000000000.0,-1.3875e+16,7785000000000000.0,394000000000000.0,-7265000000000000.0,-1075000000000000.0,123.97,62.11,147.82
nc73584926,2021-07-08T22:49:48.110000+00:00,38.5075,-119.4998333,7.45,6.0,mw,"Antelope Valley, CA",nc,smi:nc.anss.org/momentTensor/TMTS,8.0,-8.595e+17,-1.965e+17,1.056e+18,1.073e+17,5.54e+16,1.377e+17,,,
nc73585086,2021-07-08T23:58:53.570000+00:00,38.537,-119.524,5.83,4.24,mw,"29km SE of Markleeville, CA",nc,smi:nc.anss.org/momentTensor/TMTS,11.0,-2607000000000000.0,-337600000000000.0,2945000000000000.0,489100000000000.0,-238000000000000.0,414500000000000.0,,,
nc73585291,2021-07-09T01:46:00.400000+00:00,38.5086667,-119.5343333,3.71,4.55,mw,"30km SE of Markleeville, CA",nc,smi:nc.anss.org/momentTensor/TMTS,8.0,-7593000000000000.0,-746500000000000.0,8339000000000000.0,-1578000000000000.0,-1843000000000000.0,1005000000000000.0,,,
nc73585526,2021-07-09T05:04:18.400000+00:00,38.5291667,-119.512,5.7,4.06,mw,"30km SE of Markleeville, CA",nc,smi:nc.anss.org/momentTensor/TMTS,8.0,-253200000000000.0,-548600000000000.0,801800000000000.0,-1056000000000000.0,-530100000000000.0,638700000000000.0,,,
nc73585531,2021-07-09T05:10:35.790000+00:00,38.5426667,-119.5293333,3.92,4.34,mw,"28km SE of Markleeville, CA",nc,smi:nc.anss.org/momentTensor/TMTS,1.5,-2518000000000000.0,-1921000000000000.0,4439000000000000.0,789800000000000.0,1205000000000000.0,1412000000000000.0,,,
nc73594531,2021-07-18T06:46:12.650000+00:00,40.3235,-124.4255,30.91,5.12,mw,"12km W of Petrolia, CA",nc,smi:nc.anss.org/momentTensor/TMTS,33.0,1.685e+16,-6.399e+16,4.714e+16,-8588000000000000.0,4442000000000000.0,-1.844e+16,,,
nc73596726,2021-07-21T10:05:30.050000+00:00,40.2773333,-124.4131667,35.38,4.35,mw,"12km WSW of Petrolia, CA",nc,smi:nc.anss.org/momentTensor/TMTS,27.0,147600000000000.0,-4152000000000000.0,4005000000000000.0,-287800000000000.0,428900000000000.0,-943400000000000.0,,,
nc73615986,2021-08-27T04:47:44.690000+00:00,38.5663333,-119.4211667,-1.92,4.37,mw,"25km SSW of Smith Valley, NV",nc,smi:nc.anss.org/momentTensor/TMTS,1.5,-4227000000000000.0,316900000000000.0,3910000000000000.0,917500000000000.0,-1218000000000000.0,-644300000000000.0,,,
nc73618286,2021-08-31T08:01:11.180000+00:00,40.2815,-124.4008333,32.36,4.0,mw,"11km WSW of Petrolia, CA",nc,smi:nc.anss.org/momentTensor/TMTS,33.0,267200000000000.0,-1314000000000000.0,1047000000000000.0,-42100000000000.0,329000000000000.0,-217800000000000.0,,,
nc73622771,2021-09-09T21:57:56.520000+00:00,40.2705,-124.3813333,32.83,4.47,mw,"10km SW of Petrolia, CA",nc,smi:nc.anss.org/momentTensor/TMTS,33.0,951800000000000.0,-6392000000000000.0,5440000000000000.0,-464500000000000.0,1645000000000000.0,-1026000000000000.0,,,
us7000fd2r,2021-09-21T06:12:55.997000+00:00,48.7634,-129.0865,10.0,4.5,mwr,"236 km WSW of Tofino, Canada",us,Mwr,3.0,-3502000000000000.0,-921000000000000.0,3481000000000000.0,-1592000000000000.0,-4899000000000000.0,637000000000000.0,176.0,18.0,-110.0
us6000ftzu,2021-10-12T14:56:18.917000+00:00,49.2003,-128.1394,10.0,4.2,mwr,"Offshore Vancouver Island, Canada",us,Mwr,5.0,-1121000000000000.0,-774000000000000.0,1554000000000000.0,-918000000000000.0,-1661000000000000.0,-586000000000000.0,133.0,33.0,-153.0
us6000fx7p,2021-10-24T12:11:40.438000+00:00,43.1633,-126.4306,10.0,4.8,mwr,"163 km W of Langlois, Oregon",us,Mwr,22.0,5193000000000000.0,-1.4176e+16,8983000000000000.0,3829000000000000.0,-1.1242e+16,-7093000000000000.0,112.76,65.85,149.4
us7000fssk,2021-10-28T17:24:03.652000+00:00,51.211,-130.6933,10.0,4.0,mwr,"262 km WNW of Port McNeill, Canada",us,Mwr,6.0,-362000000000000.0,-585000000000000.0,808000000000000.0,-505000000000000.0,251000000000000.0,668000000000000.0,62.0,66.0,-23.0
nc73648040,2021-11-03T00:24:51.300000+00:00,40.363,-124.2553333,29.6,4.38,mw,"5km NNE of Petrolia, CA",nc,smi:nc.anss.org/momentTensor/TMTS,27.0,-605100000000000.0,-4156000000000000.0,4762000000000000.0,230600000000000.0,408600000000000.0,1234000000000000.0,,,
nc73648540,2021-11-04T00:24:34.080000+00:00,39.8938333,-123.4245,7.43,4.08,mw,"19km NW of Covelo, CA",nc,smi:nc.anss.org/momentTensor/TMTS,8.0,-63230000000000.0,-1130000000000000.0,1193000000000000.0,-304200000000000.0,-481000000000000.0,-1008000000000000.0,,,
nc73658540,2021-11-27T07:35:29.560000+00:00,41.1001667,-125.2573333,24.44,4.11,mw,"94km W of Trinidad, CA",nc,smi:nc.anss.org/momentTensor/TMTS,21.0,786400000000000.0,-1825000000000000.0,1039000000000000.0,282500000000000.0,-680500000000000.0,-481400000000000.0,,,
us6000ga8i,2021-12-07T21:30:16.386000+00:00,44.3872,-129.5367,10.0,5.5,mww,off the coast of Oregon,us,Mww,11.5,-2.958e+16,-1.3604e+17,1.6563e+17,-2.335e+16,3.154e+16,-1.2527e+17,25.48,80.78,3.11
us6000ga8s,2021-12-07T21:57:57.617000+00:00,44.3346,-129.5718,10.0,5.5,mww,off the coast of Oregon,us,Mww,11.5,-4.304e+16,-1.1827e+17,1.6132e+17,1710000000000000.0,-5.116e+16,-1.4824e+17,111.27,77.49,178.58
us6000ga9m,2021-12-08T00:17:46.132000+00:00,44.3897,-129.3562,10.0,5.2,mww,off the coast of Oregon,us,Mww,11.5,-4022000000000000.0,-6.5368e+16,6.9389e+16,-1.2631e+16,3381000000000000.0,-4.0005e+16,29.43,80.66,-3.0
us6000ga9w,2021-12-08T00:36:38.873000+00:00,44.4262,-129.5255,10.0,5.8,mww,off the coast of Oregon,us,Mww,11.5,-1.1364e+17,-4.6749e+17,5.8112e+17,-6.788e+16,-1.9316e+17,-3.3745e+17,118.56,71.46,-177.82
us6000gaag,2021-12-08T01:21:05.808000+00:00,44.2612,-129.3797,10.0,5.8,mww,off the coast of Oregon,us,Mww,11.5,-8.675e+16,-4.4255e+17,5.293e+17,-2.0407e+17,1.4259e+17,-2.1528e+17,32.54,64.09,-4.72
nc73661141,2021-12-08T03:04:40.410000+00:00,40.3908333,-125.6071667,27.26,4.02,mw,"112km W of Petrolia, CA",nc,smi:nc.anss.org/momentTensor/TMTS,11.0,37410000000000.0,-347900000000000.0,310500000000000.0,250000000000.0,-612800000000000.0,-1141000000000000.0,,,
us6000gacn,2021-12-08T05:15:24.904000+00:00,44.363,-129.3697,10.0,5.4,mww,off the coast of Oregon,us,Mww,11.5,-6.564e+16,-9.72e+16,1.6284e+17,-2.011e+16,1.925e+16,-9.331e+16,27.0,77.72,-4.71
us6000gacv,2021-12-08T05:33:46.080000+00:00,44.4811,-129.669,10.0,5.3,mww,off the coast of Oregon,us,Mww,11.5,-2.3358e+16,-5.2737e+16,7.6095e+16,2.2653e+16,-5668000000000000.0,-6.1898e+16,202.16,73.0,-8.23
us6000gadh,2021-12-08T05:43:44.549000+00:00,44.3619,-129.5852,10.0,5.5,mww,off the coast of Oregon,us,Mww,11.5,-3.272e+16,-1.5715e+17,1.8987e+17,-3.44e+16,9090000000000000.0,-1.6364e+17,23.16,81.04,-3.01
us6000gad4,2021-12-08T05:51:07.035000+00:00,44.1907,-129.2843,10.0,5.1,mww,off the coast of Oregon,us,Mww,11.5,-8475000000000000.0,-3.5817e+16,4.4292e+16,-2.2587e+16,1.3833e+16,-3.8961e+16,23.07,64.38,-2.22
us6000gae3,2021-12-08T07:18:28.346000+00:00,44.2903,-129.4278,10.0,5.5,mww,off the coast of Oregon,us,Mww,11.5,-7.302e+16,-1.3534e+17,2.0836e+17,3990000000000000.0,-3.944e+16,-1.4202e+17,114.99,81.88,178.88
us6000gafa,2021-12-08T10:14:30.823000+00:00,44.3152,-129.4198,10.0,5.1,mww,off the coast of Oregon,us,Mww,13.5,-5747000000000000.0,-2.6519e+16,3.2267e+16,-1.4037e+16,4283000000000000.0,-3.5869e+16,19.27,71.92,-3.77
us6000gafl,2021-12-08T10:50:25.308000+00:00,44.383,-129.427,10.0,5.1,mww,off the coast of Oregon,us,Mww,11.5,-1472000000000000.0,-3.831e+16,3.9782e+16,-9112000000000000.0,-2.0171e+16,-4.641e+16,110.35,69.99,-178.14
us6000gafs,2021-12-08T11:29:41.533000+00:00,44.3331,-129.4433,10.0,4.9,mww,off the coast of Oregon,us,Mww,13.5,-917000000000000.0,-1.4627e+16,1.5544e+16,-1830000000000000.0,1811000000000000.0,-1.9458e+16,19.0,84.77,2.27
us6000gag7,2021-12-08T13:30:22.278000+00:00,44.3692,-129.3007,10.0,5.1,mww,off the coast of Oregon,us,Mww,13.5,-1314000000000000.0,-2.9948e+16,3.1263e+16,-1.1335e+16,6671000000000000.0,-4.0924e+16,18.72,76.01,2.22
us6000gagw,2021-12-08T15:05:00.171000+00:00,44.0271,-129.155,10.0,4.8,mww,off the coast of Oregon,us,Mww,11.5,1482000000000000.0,-1.3478e+16,1.1996e+16,657000000000000.0,1341000000000000.0,-1.5408e+16,289.8,85.75,180.0
us6000gah8,2021-12-08T15:38:20.346000+00:00,44.3026,-129.4733,10.0,5.3,mww,off the coast of Oregon,us,Mww,11.5,-7290000000000000.0,-8.149e+16,8.878e+16,-1.175e+16,-740000000000000.0,-8.456e+16,22.47,84.74,-2.92
us6000ganp,2021-12-08T22:12:16.410000+00:00,44.3225,-129.4758,10.0,4.8,mww,off the coast of Oregon,us,Mww,13.5,-4960000000000000.0,-9345000000000000.0,1.4304e+16,429000000000000.0,-2865000000000000.0,-1.2742e+16,111.23,82.38,178.61
us6000gaun,2021-12-09T14:53:16.915000+00:00,44.06,-129.3495,10.0,4.7,mww,off the coast of Oregon,us,Mww,13.5,-1996000000000000.0,-8397000000000000.0,1.0393e+16,-6865000000000000.0,2265000000000000.0,-1.14e+16,19.0,63.36,-4.9
us6000gaut,2021-12-09T15:05:34.712000+00:00,44.0898,-129.1848,10.0,4.8,mww,off the coast of Oregon,us,Mww,13.5,-2087000000000000.0,-1.1634e+16,1.3721e+16,-745000000000000.0,-7335000000000000.0,-1.2933e+16,111.43,69.0,178.25
us6000gaza,2021-12-09T21:08:55.280000+00:00,44.1432,-129.5955,10.0,5.2,mww,off the coast of Oregon,us,Mww,11.5,-6681000000000000.0,-3.1558e+16,3.8239e+16,-4.0668e+16,5536000000000000.0,-4.5542e+16,16.12,55.23,-7.5
us6000gb13,2021-12-09T23:32:16.098000+00:00,44.1627,-129.5187,10.0,5.4,mww,off the coast of Oregon,us,Mww,11.5,-1.919e+16,-7.238e+16,9.157e+16,-2.945e+16,-5140000000000000.0,-1.0854e+17,17.75,77.92,-7.94
nc73666231,2021-12-20T20:10:31.310000+00:00,40.3901667,-124.298,27.04,6.2,mw,"7km N of Petrolia, CA",nc,smi:nc.anss.org/momentTensor/TMTS,33.0,1.325e+17,-1.724e+18,1.591e+18,1.087e+17,-4.494e+17,-1.066e+18,,,
us7000g8hb,2022-01-02T13:10:10.294000+00:00,50.2752,-129.3834,10.0,4.4,mwr,"166 km WSW of Port McNeill, Canada",us,Mwr,3.0,-1465000000000000.0,-3547000000000000.0,4564000000000000.0,-2327000000000000.0,-1139000000000000.0,827000000000000.0,145.0,57.0,-165.0
nc73674251,2022-01-06T02:42:10.830000+00:00,40.3846667,-124.8643333,12.57,4.58,mw,"50km W of Petrolia, CA",nc,smi:nc.anss.org/momentTensor/TMTS,8.0,244800000000000.0,-7319000000000000.0,7075000000000000.0,680300000000000.0,-1745000000000000.0,-5623000000000000.0,,,
us7000gbtt,2022-01-14T06:38:23.840000+00:00,50.4878,-130.3172,10.0,4.4,mwr,"229 km W of Port McNeill, Canada",us,Mwr,7.0,-910000000000000.0,-4706000000000000.0,4816000000000000.0,1149000000000000.0,-812000000000000.0,1855000000000000.0,235.0,75.0,-7.0
us7000gbtx,2022-01-14T08:25:28.969000+00:00,50.5323,-130.1852,10.0,4.5,mwr,"219 km W of Port McNeill, Canada",us,Mwr,9.0,-802000000000000.0,-4284000000000000.0,7439000000000000.0,2586000000000000.0,-1573000000000000.0,1892000000000000.0,231.0,64.0,-15.0
us7000gxl1,2022-03-27T01:12:22.059000+00:00,44.1229,-129.4385,10.0,5.1,mww,off the coast of Oregon,us,Mww,13.5,-1.0138e+16,-3.1241e+16,4.138e+16,-2.4138e+16,1.006e+16,-4.5006e+16,19.02,64.77,-4.64
nc73714181,2022-04-04T15:16:46.240000+00:00,40.4871667,-124.2101667,21.4,4.07,mw,"9km W of Rio Dell, CA",nc,smi:nc.anss.org/momentTensor/TMTS,24.0,-1361000000000000.0,-325500000000000.0,1687000000000000.0,785800000000000.0,-677800000000000.0,-229900000000000.0,,,
us6000hfx7,2022-04-23T21:22:47.948000+00:00,50.4725,-129.6895,10.0,5.3,mww,"185 km W of Port McNeill, Canada",us,Mww,11.5,-1.704e+16,-9.376e+16,1.108e+17,-2.331e+16,4.23e+16,5790000000000000.0,47.28,65.2,-0.68
us7000hhik,2022-06-15T11:56:33.191000+00:00,44.5381,-130.1124,10.0,5.6,mww,off the coast of Oregon,us,Mww,11.5,-6.689e+16,-1.679e+17,2.3479e+17,-1.0757e+17,2410000000000000.0,-1.5304e+17,23.48,66.79,-15.22
nc73752031,2022-06-28T11:57:40.710000+00:00,38.8301667,-122.7471667,0.48,4.19,mw,"2km WNW of Cobb, CA",nc,smi:nc.anss.org/momentTensor/TMTS,1.5,-199800000000000.0,-1164000000000000.0,1363000000000000.0,1744000000000000.0,838900000000000.0,620700000000000.0,,,
nc73761796,2022-07-23T01:41:04.680000+00:00,39.4656667,-121.4761667,0.59,4.24,mw,"5km S of Oroville East, CA",nc,smi:nc.anss.org/momentTensor/TMTS,1.5,-1683000000000000.0,-71780000000000.0,1754000000000000.0,1701000000000000.0,-1518000000000000.0,-411300000000000.0,,,
us6000i90r,2022-08-08T07:38:56.410000+00:00,48.9736,-128.6522,10.0,4.6,mwr,"201 km W of Tofino, Canada",us,Mwr,19.0,-1537000000000000.0,-8310000000000000.0,9847000000000000.0,2803000000000000.0,-3516000000000000.0,-3605000000000000.0,124.79,89.38,156.37
nc73765585,2022-08-08T20:44:14.110000+00:00,38.5816667,-119.446,5.4,4.45,mw,"8km NNE of Walker, CA",nc,smi:nc.anss.org/momentTensor/TMTS,8.0,-4894000000000000.0,-769200000000000.0,5664000000000000.0,1632000000000000.0,-1500000000000000.0,1026000000000000.0,,,
us7000i3dm,2022-08-29T15:22:29.115000+00:00,40.4083,-126.8122,10.0,4.4,mwr,"216 km W of Ferndale, California",us,Mwr,8.0,-1251600000000000.0,1660700000000000.0,-409100000000000.0,1067100000000000.0,-2529600000000000.0,-3553100000000000.0,345.82,82.11,-40.12
nc73785481,2022-09-24T19:27:39.450000+00:00,40.3136667,-124.7245,13.08,4.84,mw,"37km W of Petrolia, CA",nc,smi:nc.anss.org/momentTensor/TMTS,24.0,2129000000000000.0,-8764000000000000.0,6635000000000000.0,2432000000000000.0,-1382000000000000.0,-2.075e+16,,,
uw61886506,2022-10-07T12:52:36.010000+00:00,44.540333333333336,-122.55083333333333,13.17,4.39,ml,"16 km ESE of Lacomb, Oregon",us,Mwr,13.0,713900000000000.0,-830100000000000.0,116200000000000.0,-610500000000000.0,-413500000000000.0,-119000000000000.0,102.89,27.87,125.29
nc73796766,2022-10-20T07:55:16.770000+00:00,40.3495,-123.5185,33.05,4.32,mw,"36km NE of Redway, CA",nc,smi:nc.anss.org/momentTensor/TMTS,33.0,-3573000000000000.0,106900000000000.0,3466000000000000.0,538200000000000.0,494300000000000.0,930500000000000.0,,,
nc73798306,2022-10-23T18:16:23.050000+00:00,40.5781667,-124.14,28.35,4.1,mw,"3km SSE of Fortuna, CA",nc,smi:nc.anss.org/momentTensor/TMTS,39.0,154800000000000.0,-1055000000000000.0,900500000000000.0,-334800000000000.0,678300000000000.0,1238000000000000.0,,,
us7000imzs,2022-11-07T03:17:18.976000+00:00,50.5461,-129.6746,14.515,4.2,mwr,"Vancouver Island, Canada region",us,Mwr,7.0,-81000000000000.0,-1901000000000000.0,1923000000000000.0,255000000000000.0,-599000000000000.0,447000000000000.0,232.0,73.0,3.0
us7000irbr,2022-11-21T15:42:33.590000+00:00,43.4874,-127.3382,10.0,5.2,mww,"241 km W of Bandon, Oregon",us,Mww,11.5,-9576000000000000.0,-4.5252e+16,5.4828e+16,6155000000000000.0,-1.7476e+16,-5.0668e+16,111.69,80.97,172.46
us7000ishe,2022-11-26T03:50:17.526000+00:00,49.2714,-126.0923,33.38,4.9,mww,"18 km NW of Tofino, Canada",us,Mww,30.5,-3725000000000000.0,-2.6433e+16,3.0158e+16,5802000000000000.0,3784000000000000.0,1.2745e+16,327.25,77.06,-177.82
us6000j8c6,2022-12-10T03:17:30.125000+00:00,40.6221,-127.3059,11.051,4.9,mww,"257 km W of Ferndale, California",us,Mww,17.5,-2.0856e+16,3355000000000000.0,1.7501e+16,7540000000000000.0,1.7768e+16,-2746000000000000.0,338.63,25.96,-119.5
nc73821036,2022-12-20T10:34:24.770000+00:00,40.525,-124.423,17.91,6.4,mw,"15km WSW of Ferndale, CA",nc,smi:nc.anss.org/momentTensor/TMTS,24.0,1.061e+17,-3.045e+18,2.939e+18,-5.844e+17,-2.622e+17,4.023e+18,,,
nc73821046,2022-12-20T10:39:02.360000+00:00,40.5228333,-124.1881667,26.55,4.92,mw,"7km WNW of Rio Dell, CA",nc,smi:nc.anss.org/momentTensor/TMTS,21.0,-1482000000000000.0,-2.073e+16,2.221e+16,-3096000000000000.0,1.095e+16,1.681e+16,,,
nc73822026,2022-12-20T22:06:34.380000+00:00,40.5455,-124.3291667,19.74,4.35,mw,"6km WSW of Ferndale, CA",nc,smi:nc.anss.org/momentTensor/TMTS,18.0,-45500000000000.0,-2697000000000000.0,2743000000000000.0,-1151000000000000.0,-348500000000000.0,2970000000000000.0,,,
nc73824236,2022-12-24T19:33:44.190000+00:00,40.5571667,-124.0083333,22.4,4.16,mw,"8km E of Hydesville, CA",nc,smi:nc.anss.org/momentTensor/TMTS,21.0,-1516000000000000.0,-204300000000000.0,1721000000000000.0,798100000000000.0,-1133000000000000.0,-161700000000000.0,,,
nc73827571,2023-01-01T18:35:04.510000+00:00,40.409,-123.971,30.63,5.35,mw,"15km SE of Rio Dell, CA",nc,smi:nc.anss.org/momentTensor/TMTS,27.0,-1.183e+16,-1.102e+17,1.22e+17,-9049000000000000.0,-2.95e+16,-5.387e+16,,,
us7000j3ld,2023-01-11T10:17:18.204000+00:00,43.9646,-128.7389,10.0,5.0,mww,Off the coast of Oregon,us,Mww,11.5,-4.0843e+16,6061000000000000.0,3.4782e+16,3892000000000000.0,-9092000000000000.0,6634000000000000.0,198.94,39.48,-79.27
nc73831091,2023-01-11T17:21:42.950000+00:00,40.5213333,-124.9323333,17.86,4.05,mw,"57km W of Ferndale, CA",nc,smi:nc.anss.org/momentTensor/TMTS,11.0,325100000000000.0,-1101000000000000.0,776100000000000.0,90330000000000.0,-662900000000000.0,-908400000000000.0,,,
nc73834441,2023-01-20T08:01:14.570000+00:00,41.128,-123.8753333,25.27,4.26,mw,"16km WSW of Weitchpec, CA",nc,smi:nc.anss.org/momentTensor/TMTS,27.0,327000000000000.0,-2853000000000000.0,2526000000000000.0,-474400000000000.0,-1338000000000000.0,-584500000000000.0,,,
nc73860415,2023-03-21T23:18:19.630000+00:00,40.5415,-124.3725,18.1,4.54,mw,"10km WSW of Ferndale, CA",nc,smi:nc.anss.org/momentTensor/TMTS,18.0,-1740000000000000.0,-4477000000000000.0,6217000000000000.0,-3643000000000000.0,-196100000000000.0,4290000000000000.0,,,
us6000k1f5,2023-04-02T01:08:33.362000+00:00,50.2742,-129.5788,10.0,4.4,mwr,"180 km WSW of Port McNeill, Canada",us,Mwr,5.0,-2734300000000000.0,-1642900000000000.0,4377200000000000.0,2126100000000000.0,1686900000000000.0,1013400000000000.0,218.14,67.31,-55.24
nc73871215,2023-04-12T05:39:51.750000+00:00,38.8351667,-122.8068333,2.45,4.43,mw,"7km WNW of Cobb, CA",nc,smi:nc.anss.org/momentTensor/TMTS,5.0,-3243000000000000.0,316300000000000.0,2927000000000000.0,1224000000000000.0,-1002000000000000.0,4384000000000000.0,,,
us6000k42y,2023-04-13T15:54:53.808000+00:00,49.215,-129.6178,7.0,6.0,mww,"237 km SW of Port McNeill, Canada",us,Mww,17.5,-3.544e+17,-1.1436e+18,1.4979e+18,1.227e+17,2.3e+17,-4.73e+17,305.25,78.45,-176.98
nc73886731,2023-05-11T23:19:41.990000+00:00,40.2041667,-121.1095,5.85,5.48,mw,Lake Almanor Earthquake,nc,smi:nc.anss.org/momentTensor/TMTS,11.0,-1.752e+17,2082000000000000.0,1.731e+17,7.113e+16,-1.287e+16,-7.73e+16,,,
nc73887046,2023-05-12T10:18:41.310000+00:00,40.196,-121.0998333,6.06,5.16,mw,"4km NW of Canyondam, CA",nc,smi:nc.anss.org/momentTensor/TMTS,8.0,-2.621e+16,-8319000000000000.0,3.452e+16,3.391e+16,8399000000000000.0,-4.958e+16,,,
nc73890906,2023-05-21T18:44:01.400000+00:00,40.3775,-125.5628333,10.0,5.58,mw,"108km W of Petrolia, CA",nc,smi:nc.anss.org/momentTensor/TMTS,8.0,-2.216e+16,-3.053e+16,5.269e+16,1.397e+17,4962000000000000.0,-2.483e+17,,,
nc73890170,2023-05-26T11:26:25+00:00,40.2266667,-121.1478333,6.71,4.13,mw,"2km NNE of Prattville, CA",nc,smi:nc.anss.org/momentTensor/TMTS,8.0,-1294000000000000.0,255900000000000.0,1038000000000000.0,106500000000000.0,1238000000000000.0,-969800000000000.0,,,
nc73895826,2023-06-03T12:01:18.960000+00:00,38.7921667,-122.7785,3.83,4.45,mw,"2km NW of The Geysers, CA",nc,smi:nc.anss.org/momentTensor/TMTS,3.5,-2493000000000000.0,794300000000000.0,1699000000000000.0,1716000000000000.0,-2083000000000000.0,4860000000000000.0,,,
nc73902356,2023-06-18T03:44:59.090000+00:00,39.0893333,-123.0895,10.52,4.35,mw,"8km SE of Talmage, CA",nc,smi:nc.anss.org/momentTensor/TMTS,11.0,468800000000000.0,-3719000000000000.0,3251000000000000.0,169500000000000.0,1439000000000000.0,1719000000000000.0,,,
nc73908361,2023-07-03T17:56:59.760000+00:00,40.4,-125.6436667,26.3,4.02,mw,"115km W of Petrolia, CA",nc,smi:nc.anss.org/momentTensor/TMTS,27.0,-56710000000000.0,-47740000000000.0,104400000000000.0,1390000000000.0,-136900000000000.0,-1312000000000000.0,,,
us6000kx4i,2023-08-01T19:26:07.914000+00:00,43.1422,-126.5224,20.069,4.0,mwr,"170 km W of Langlois, Oregon",us,Mwr,23.0,660400000000000.0,-1221000000000000.0,560500000000000.0,71200000000000.0,-584700000000000.0,-507700000000000.0,110.93,58.41,147.15
nc73925281,2023-08-17T21:08:00.860000+00:00,40.3183333,-124.2343333,31.93,4.07,mw,"4 km E of Petrolia, CA",nc,smi:nc.anss.org/momentTensor/TMTS,33.0,310500000000000.0,-1442000000000000.0,1131000000000000.0,-413800000000000.0,579600000000000.0,-530200000000000.0,,,
nc73934641,2023-09-08T17:24:38.390000+00:00,40.953,-121.56,15.63,4.99,mw,"12 km NE of Burney, CA",nc,smi:nc.anss.org/momentTensor/TMTS,14.0,-1.057e+16,-2.971e+16,4.028e+16,-1.14e+16,-781800000000000.0,-1614000000000000.0,,,
us7000kvt5,2023-09-14T17:31:07.454000+00:00,50.9666,-130.1383,10.0,4.2,mwr,"219 km W of Port McNeill, Canada",us,Mwr,1.0,-678000000000000.0,861000000000000.0,-242000000000000.0,-2111000000000000.0,377000000000000.0,1086000000000000.0,201.0,29.0,-162.0
us7000kvt8,2023-09-14T17:41:28.320000+00:00,50.8104,-130.382,10.0,4.3,mwr,"234 km W of Port McNeill, Canada",us,Mwr,3.0,-815000000000000.0,-764000000000000.0,1197000000000000.0,-1383000000000000.0,2753000000000000.0,225000000000000.0,42.0,17.0,-23.0
us7000kwak,2023-09-17T09:59:00.188000+00:00,50.9315,-130.0655,10.0,4.5,mwr,"213 km W of Port McNeill, Canada",us,Mwr,9.0,219600000000000.0,-2649900000000000.0,2430300000000000.0,-1761800000000000.0,4652100000000000.0,4728600000000000.0,344.64,89.87,137.26
us7000kwaz,2023-09-17T11:28:11.258000+00:00,50.8131,-130.3127,10.0,5.5,mww,"229 km W of Port McNeill, Canada",us,Mww,11.5,-4.31e+16,-3.525e+16,7.835e+16,8.032e+16,-1.801e+16,2.1735e+17,354.42,69.6,-169.25
us7000kwbk,2023-09-17T15:19:50.386000+00:00,50.842,-130.3324,10.0,4.4,mwr,"230 km W of Port McNeill, Canada",us,Mwr,3.0,-469000000000000.0,-1933000000000000.0,1809000000000000.0,-2248000000000000.0,-279000000000000.0,3503000000000000.0,167.0,61.0,-175.0
nc73943821,2023-09-30T15:26:26.760000+00:00,40.5588333,-124.2886667,17.88,4.65,mw,"3 km SW of Ferndale, CA",nc,smi:nc.anss.org/momentTensor/TMTS,18.0,-613200000000000.0,-6301000000000000.0,6914000000000000.0,-1176000000000000.0,-113600000000000.0,9649000000000000.0,,,
nc73943846,2023-09-30T17:16:47.830000+00:00,40.501,-124.4385,29.09,4.22,mw,"17 km WSW of Ferndale, CA",nc,smi:nc.anss.org/momentTensor/TMTS,27.0,-10530000000000.0,-1699000000000000.0,1710000000000000.0,-700400000000000.0,-257800000000000.0,1963000000000000.0,,,
nc73944166,2023-10-01T15:41:29.620000+00:00,40.2951667,-124.287,9.8,4.09,mw,"3 km S of Petrolia, CA",nc,smi:nc.anss.org/momentTensor/TMTS,11.0,992900000000000.0,-680000000000.0,-992200000000000.0,-625700000000000.0,-597100000000000.0,1119000000000000.0,,,
uw61965081,2023-10-09T02:21:08.960000+00:00,48.040166666666664,-122.73083333333334,54.94,4.3100000000000005,ml,"Port Townsend, WA",us,Mwr,51.0,1229400000000000.0,390700000000000.0,-1620000000000000.0,1340400000000000.0,-1289300000000000.0,448400000000000.0,15.86,27.79,141.17
us7000l7uc,2023-10-11T11:15:26.731000+00:00,50.8462,-130.2438,10.0,4.3,mwr,"224 km W of Port McNeill, Canada",us,Mwr,2.0,-110000000000000.0,96000000000000.0,-35000000000000.0,357000000000000.0,3654000000000000.0,233000000000000.0,88.0,4.0,-7.0
us6000lftw,2023-10-16T03:13:54.643000+00:00,50.7101,-129.9313,10.0,4.8,mwr,"201 km W of Port McNeill, Canada",us,Mwr,17.0,358000000000000.0,-1.4116e+16,1.3758e+16,994000000000000.0,9032000000000000.0,7994000000000000.0,62.9,68.77,14.1
nc73947830,2023-10-16T10:20:49.740000+00:00,40.3156667,-124.0548333,31.06,4.83,mw,"20 km E of Petrolia, CA",nc,smi:nc.anss.org/momentTensor/TMTS,36.0,-1440000000000000.0,-2.021e+16,2.165e+16,-5290000000000000.0,-889600000000000.0,617600000000000.0,,,
nc73947835,2023-10-16T10:31:25.060000+00:00,40.756,-124.5208333,23.63,4.03,mw,"28 km W of Humboldt Hill, CA",nc,smi:nc.anss.org/momentTensor/TMTS,24.0,81070000000000.0,-940700000000000.0,859600000000000.0,-319700000000000.0,-111900000000000.0,987400000000000.0,,,
us7000l5x9,2023-10-24T05:58:20.530000+00:00,50.5667,-130.1812,10.0,4.5,mwr,"219 km W of Port McNeill, Canada",us,Mwr,8.0,-2304900000000000.0,-5482700000000000.0,7787700000000000.0,-1921800000000000.0,3140800000000000.0,2294700000000000.0,52.91,58.96,-11.0
nc73952605,2023-10-28T05:40:18.740000+00:00,38.5571667,-119.5103333,4.46,4.24,mw,"5 km NNW of Walker, CA",nc,smi:nc.anss.org/momentTensor/TMTS,3.5,-967800000000000.0,-1618000000000000.0,2586000000000000.0,1405000000000000.0,692100000000000.0,557900000000000.0,,,
nc73961261,2023-11-11T03:15:24.730000+00:00,40.417,-124.8208333,17.42,4.1,mw,"46 km WNW of Petrolia, CA",nc,smi:nc.anss.org/momentTensor/TMTS,18.0,-49520000000000.0,-1523000000000000.0,1572000000000000.0,324800000000000.0,-2820000000000.0,-819500000000000.0,,,
us7000ljrn,2023-12-17T23:23:15.663000+00:00,51.0962,-124.397,10.0,4.7,mwr,"131 km SW of Hanceville, Canada",us,Mwr,16.0,-4512000000000000.0,-1.0104e+16,1.4616e+16,4772000000000000.0,931000000000000.0,-8664000000000000.0,204.84,71.75,-16.92
uw61977871,2023-12-24T15:14:04.220000+00:00,47.81966666666667,-122.96,52.39,4.04,ml,"6 km W of Quilcene, Washington",us,Mwr,47.0,-931700000000000.0,218700000000000.0,712900000000000.0,223900000000000.0,-1128500000000000.0,-471000000000000.0,343.95,70.49,-79.08
us6000m2ml,2024-01-09T01:41:28.313000+00:00,50.8188,-130.0585,10.0,4.3,mwr,"211 km W of Port McNeill, Canada",us,Mwr,6.0,-1064500000000000.0,115500000000000.0,949000000000000.0,-423100000000000.0,282500000000000.0,3714500000000000.0,177.46,80.57,-171.56
nc73992726,2024-01-23T05:26:10.410000+00:00,41.499,-124.2015,35.68,4.33,mw,"16 km WSW of Klamath, CA",nc,smi:nc.anss.org/momentTensor/TMTS,27.0,-3016000000000000.0,-854800000000000.0,3870000000000000.0,-1462000000000000.0,313400000000000.0,359600000000000.0,,,
nc73994586,2024-01-26T21:28:13.530000+00:00,38.7911667,-122.7575,2.78,4.18,mw,"2 km N of The Geysers, CA",nc,smi:nc.anss.org/momentTensor/TMTS,3.5,-427500000000000.0,-2021000000000000.0,2449000000000000.0,477500000000000.0,314200000000000.0,143800000000000.0,,,
us7000lux5,2024-01-30T06:23:19.886000+00:00,50.7224,-130.0066,10.0,4.2,mwr,"207 km W of Port McNeill, Canada",us,Mwr,7.0,-48000000000000.0,-2250000000000000.0,2820000000000000.0,414000000000000.0,-257000000000000.0,1340000000000000.0,239.0,81.0,-5.0
nc73997816,2024-02-02T15:09:00.160000+00:00,40.3893333,-125.4448333,10.0,4.92,mw,"98 km W of Petrolia, CA",nc,smi:nc.anss.org/momentTensor/TMTS,8.0,-1244000000000000.0,-2775000000000000.0,4019000000000000.0,2019000000000000.0,3504000000000000.0,-2.94e+16,,,
nc74000441,2024-02-10T07:20:19.320000+00:00,40.2828333,-124.526,9.29,4.11,mw,"21 km WSW of Petrolia, CA",nc,smi:nc.anss.org/momentTensor/TMTS,8.0,-24490000000000.0,336400000000000.0,-312000000000000.0,356200000000000.0,-15830000000000.0,-1753000000000000.0,,,
us6000mft0,2024-02-29T10:28:55.288000+00:00,41.3681,-127.1671,10.0,5.2,mww,"251 km W of Crescent City, California",us,Mww,11.5,-6.1786e+16,7590000000000000.0,5.4196e+16,2.1603e+16,-5.4329e+16,-4420000000000000.0,181.97,23.39,-73.12
us7000m3n8,2024-03-06T08:41:27.698000+00:00,48.0385,-129.0062,10.0,4.9,mww,"259 km WSW of Tofino, Canada",us,Mww,11.5,-2902000000000000.0,-7098000000000000.0,1e+16,4258000000000000.0,-3654000000000000.0,2.1324e+16,350.14,80.12,-167.96
us7000m875,2024-03-27T03:23:02.962000+00:00,42.3102,-126.7243,10.0,5.6,mww,"189 km WSW of Port Orford, Oregon",us,Mww,11.5,-2.9914e+17,6670000000000000.0,2.9247e+17,830000000000000.0,-1.774e+17,8.225e+16,7.21,60.05,-98.06
nc74029551,2024-04-05T01:34:25.410000+00:00,40.0331667,-121.3163333,5.38,4.08,mw,"6 km WNW of Belden, CA",nc,smi:nc.anss.org/momentTensor/TMTS,8.0,-166000000000000.0,-3770000000000.0,169800000000000.0,724100000000000.0,37060000000000.0,-1462000000000000.0,,,
nc71133194,2024-04-05T01:34:49.830000+00:00,40.04,-121.3006667,7.76,4.42,mw,"6 km NW of Belden, CA",nc,smi:nc.anss.org/momentTensor/TMTS,11.0,-228500000000000.0,-523800000000000.0,752400000000000.0,2092000000000000.0,195600000000000.0,-4837000000000000.0,,,
us7000mcrx,2024-04-17T21:46:14.711000+00:00,50.2005,-129.9075,6.936,4.9,mww,"205 km WSW of Port McNeill, Canada",us,Mwr,3.0,-7350000000000000.0,-8070000000000000.0,8940000000000000.0,1.333e+16,-2.029e+16,1750000000000000.0,222.0,20.0,-18.0
us7000mctr,2024-04-18T06:06:04.909000+00:00,50.2411,-129.9156,10.0,5.1,mww,"204 km WSW of Port McNeill, Canada",us,Mww,11.5,-5086000000000000.0,-3.6057e+16,4.1143e+16,2.0655e+16,-1.8145e+16,3.9069e+16,245.14,66.76,-11.44
us6000mvw9,2024-05-03T03:03:29.140000+00:00,48.7806,-128.7293,10.0,5.0,mww,"210 km WSW of Tofino, Canada",us,Mww,11.5,-9954000000000000.0,-2.9086e+16,3.904e+16,1.5941e+16,-4157000000000000.0,-1.7521e+16,304.42,78.19,-154.9
nc75006996,2024-05-15T06:39:03.840000+00:00,40.8283333333333,-123.901833333333,25.58,4.02,mw,"9 km SE of Blue Lake, CA",nc,smi:nc.anss.org/momentTensor/TMTS,27.0,-1201000000000000.0,185700000000000.0,1015000000000000.0,131200000000000.0,-699000000000000.0,301300000000000.0,,,
us7000mph8,2024-06-01T15:36:03.071000+00:00,43.66,-127.7253,5.472,4.0,mwr,"275 km WNW of Bandon, Oregon",us,Mwr,8.0,-631100000000000.0,-229300000000000.0,860400000000000.0,458800000000000.0,406200000000000.0,-417400000000000.0,193.47,63.79,-48.34
nc75017417,2024-06-07T16:26:33.450000+00:00,40.9308333333333,-124.916333333333,10.0,4.26,mw,"64 km WNW of Bayview, CA",nc,smi:nc.anss.org/momentTensor/TMTS,18.0,435300000000000.0,-2429000000000000.0,1993000000000000.0,-736800000000000.0,-955200000000000.0,1652000000000000.0,,,
nc75017972,2024-06-08T19:34:29.120000+00:00,38.814,-122.821833333333,3.55,4.48,mw,"7 km NW of The Geysers, CA",nc,smi:nc.anss.org/momentTensor/TMTS,3.5,-3459000000000000.0,-2469000000000000.0,5928000000000000.0,2247000000000000.0,-2519000000000000.0,2288000000000000.0,,,
nc75025237,2024-06-22T03:46:25.830000+00:00,39.6675,-123.532833333333,3.33,4.34,mw,"5 km WSW of Laytonville, CA",nc,smi:nc.anss.org/momentTensor/TMTS,3.5,-687100000000000.0,-3012000000000000.0,3699000000000000.0,1316000000000000.0,-1306000000000000.0,866400000000000.0,,,
us6000na4y,2024-07-03T20:25:13.237000+00:00,48.5091,-128.8575,10.0,4.9,mww,"228 km WSW of Tofino, Canada",us,Mww,11.5,-1.5853e+16,4386000000000000.0,1.1467e+16,3446000000000000.0,-1.8597e+16,4061000000000000.0,358.58,71.81,-102.11
us7000mx23,2024-07-04T13:18:03.620000+00:00,48.6741,-129.1852,10.0,4.7,mwr,"246 km WSW of Tofino, Canada",us,Mwr,4.0,-641000000000000.0,-1.419e+16,1.4831e+16,1464000000000000.0,1342000000000000.0,-7948000000000000.0,300.77,83.34,-177.68
us7000mx3m,2024-07-04T16:15:08.888000+00:00,48.6536,-129.0074,10.0,5.7,mww,"233 km WSW of Tofino, Canada",us,Mww,11.5,-3.779e+16,-3.8203e+17,4.1982e+17,1.727e+16,-1.0943e+17,6.524e+16,230.33,78.03,5.78
us7000mx40,2024-07-04T17:43:18.003000+00:00,48.6965,-129.0814,10.0,4.3,mwr,"238 km WSW of Tofino, Canada",us,Mwr,6.0,-777300000000000.0,-2816900000000000.0,3594300000000000.0,-735600000000000.0,317300000000000.0,22500000000000.0,44.01,74.32,-10.0
us7000mx45,2024-07-04T18:31:25.054000+00:00,48.7389,-129.0135,10.0,4.8,mww,"232 km WSW of Tofino, Canada",us,Mww,11.5,846000000000000.0,-1.9538e+16,1.8691e+16,4255000000000000.0,-4813000000000000.0,131000000000000.0,134.82,88.09,161.36
us7000mxaz,2024-07-05T16:34:05.013000+00:00,48.5948,-129.0625,10.0,5.3,mww,"239 km WSW of Tofino, Canada",us,Mww,17.5,-9680000000000000.0,-1.1663e+17,1.2631e+17,2570000000000000.0,-1.639e+16,-1.49e+16,221.71,84.61,4.21
us7000mxsp,2024-07-08T15:06:44.416000+00:00,48.671,-128.9811,10.0,5.2,mww,"231 km WSW of Tofino, Canada",us,Mww,11.5,-1881000000000000.0,-7.0899e+16,7.278e+16,1.4957e+16,-2.5844e+16,-1614000000000000.0,225.36,68.62,4.0
us7000mxuc,2024-07-08T17:05:53.842000+00:00,48.6368,-128.8617,10.0,4.4,mwr,"224 km WSW of Tofino, Canada",us,Mwr,9.0,723200000000000.0,-3771000000000000.0,3047800000000000.0,661200000000000.0,2229400000000000.0,-1293400000000000.0,37.61,79.21,31.59
us7000mykj,2024-07-11T15:08:47.169000+00:00,48.7877,-128.7103,10.0,6.4,mww,"209 km WSW of Tofino, Canada",us,Mww,11.5,-5.048e+17,-4.0612e+18,4.566e+18,1.0624e+18,9.454e+17,-1.29e+17,223.31,86.12,-18.74
us7000mym7,2024-07-11T16:17:21.077000+00:00,48.8878,-128.4827,10.0,5.2,mww,"190 km W of Tofino, Canada",us,Mww,11.5,-1.4798e+16,-5.4157e+16,6.8955e+16,2.3465e+16,-2.0254e+16,4.6693e+16,241.47,68.55,-12.01
us7000myms,2024-07-11T17:34:26.968000+00:00,48.7663,-128.693,10.0,4.7,mwr,"208 km WSW of Tofino, Canada",us,Mwr,5.0,-7417000000000000.0,433000000000000.0,6984000000000000.0,856000000000000.0,1.0955e+16,3339000000000000.0,39.15,20.06,-60.18
us7000mysw,2024-07-12T08:20:27.083000+00:00,48.8765,-128.7826,10.0,4.8,mww,"212 km W of Tofino, Canada",us,Mww,11.5,-1.6502e+16,-1387000000000000.0,1.7889e+16,2508000000000000.0,-1939000000000000.0,-1.5122e+16,161.57,42.02,-75.17
nn00882856,2024-08-23T15:31:58.225000+00:00,38.6864,-118.5666,5.4599,4.34,ml,"16 km ENE of Walker Lake, Nevada",us,Mwr,10.0,64100000000000.0,-1096200000000000.0,1032100000000000.0,422900000000000.0,1508900000000000.0,2934300000000000.0,82.25,66.99,9.18
nc75058606,2024-09-07T14:30:36.710000+00:00,38.7771666666667,-122.746666666667,0.16,4.28,mw,"1 km ESE of The Geysers, CA",nc,smi:nc.anss.org/momentTensor/TMTS,1.5,-1657000000000000.0,-514100000000000.0,2171000000000000.0,1780000000000000.0,274600000000000.0,1901000000000000.0,,,
us7000ngxr,2024-09-28T03:04:19.771000+00:00,41.8723,-126.3717,14.727,5.1,mww,"169 km WSW of Pistol River, Oregon",us,Mww,11.5,-4.0529e+16,-2030000000000000.0,4.2559e+16,426000000000000.0,-2.5585e+16,-5681000000000000.0,169.15,29.47,-96.18
us6000nxcd,2024-10-08T16:27:35.497000+00:00,40.3686,-126.2542,14.729,4.3,mwr,"170 km W of Ferndale, California",us,Mwr,19.0,767600000000000.0,-1032600000000000.0,265000000000000.0,-340500000000000.0,1624000000000000.0,-3301900000000000.0,8.58,78.61,26.94
us6000nzg2,2024-10-18T00:58:27.983000+00:00,43.6645,-125.7602,7.842,5.0,mww,"121 km WNW of Barview, Oregon",us,Mww,15.5,-1.0018e+16,-1.7515e+16,2.7533e+16,-9085000000000000.0,-1.0921e+16,-2.1953e+16,115.96,63.56,-164.63
nc75077981,2024-10-24T06:18:15.420000+00:00,40.2756666666667,-124.288333333333,9.88,4.0,mw,"5 km SSW of Petrolia, CA",nc,smi:nc.anss.org/momentTensor/TMTS,11.0,930200000000000.0,-255400000000000.0,-674700000000000.0,-474900000000000.0,-277200000000000.0,711300000000000.0,,,
nc75077996,2024-10-24T06:58:47.140000+00:00,40.2793333333333,-124.295166666667,9.75,4.36,mw,"5 km SSW of Petrolia, CA",nc,smi:nc.anss.org/momentTensor/TMTS,8.0,1517000000000000.0,73930000000000.0,-1591000000000000.0,-492600000000000.0,-3468000000000000.0,2064000000000000.0,,,
nc75079016,2024-10-26T09:23:23+00:00,40.3715,-125.676,10.0,4.15,mw,"118 km WNW of Petrolia, CA",nc,smi:nc.anss.org/momentTensor/TMTS,11.0,103500000000000.0,-456900000000000.0,353300000000000.0,-702200000000000.0,305500000000000.0,-1871000000000000.0,,,
us7000np33,2024-10-30T20:15:20.095000+00:00,43.5842,-127.6418,10.0,6.0,mww,"267 km W of Bandon, Oregon",us,Mww,13.5,-6.36e+16,-8.434e+17,9.07e+17,8.54e+16,-4.202e+17,-9.572e+17,110.12,75.77,172.11
us7000num7,2024-11-28T01:52:30.359000+00:00,43.4651,-127.258,10.0,4.6,mww,"234 km W of Bandon, Oregon",us,Mww,21.5,-2124000000000000.0,-7048000000000000.0,9172000000000000.0,-338000000000000.0,-1546000000000000.0,-5551000000000000.0,117.73,81.01,-179.49
nc75094936,2024-12-04T11:36:36.900000+00:00,40.4275,-125.991833333333,10.0,4.36,mw,"145 km WNW of Petrolia, CA",nc,smi:nc.anss.org/momentTensor/TMTS,11.0,117200000000000.0,-587600000000000.0,470400000000000.0,1885000000000000.0,-678100000000000.0,-3876000000000000.0,,,
nc75094976,2024-12-04T13:10:22+00:00,40.4705,-125.871833333333,10.0,4.23,mw,"135 km WNW of Petrolia, CA",nc,smi:nc.anss.org/momentTensor/TMTS,8.0,537600000000000.0,-904100000000000.0,366400000000000.0,56250000000000.0,-1734000000000000.0,-1987000000000000.0,,,
nc75095651,2024-12-05T18:44:21.110000+00:00,40.374,-125.021666666667,10.0,7.0,mw,"2024 Offshore Cape Mendocino, California Earthquake",us,Mww,11.5,2.445e+18,-1.4253e+19,1.1808e+19,1.931e+18,4.193e+18,-3.7775e+19,189.47,88.88,-6.25
nc75096691,2024-12-05T23:17:37.010000+00:00,40.379,-124.996,10.0,4.17,mw,"61 km WNW of Petrolia, CA",nc,smi:nc.anss.org/momentTensor/TMTS,5.0,-1134000000000000.0,-829000000000000.0,1963000000000000.0,1100000000000000.0,-361300000000000.0,-837100000000000.0,,,
nc75097271,2024-12-06T07:01:51.070000+00:00,40.3105,-124.706,5.98,4.15,mw,"36 km W of Petrolia, CA",nc,smi:nc.anss.org/momentTensor/TMTS,3.5,-53080000000000.0,-168200000000000.0,221300000000000.0,-50860000000000.0,-696700000000000.0,-1940000000000000.0,,,
nc75097711,2024-12-06T14:58:22.340000+00:00,40.308,-124.7335,3.71,4.22,mw,"38 km W of Petrolia, CA",nc,smi:nc.anss.org/momentTensor/TMTS,3.5,-300200000000000.0,182300000000000.0,117900000000000.0,-259000000000000.0,1271000000000000.0,-2316000000000000.0,,,
nc75097986,2024-12-06T20:01:06.780000+00:00,40.2888333333333,-124.510833333333,7.27,4.04,mw,"20 km W of Petrolia, CA",nc,smi:nc.anss.org/momentTensor/TMTS,5.0,524200000000000.0,433100000000000.0,-957300000000000.0,554400000000000.0,-573900000000000.0,-878700000000000.0,,,
us7000nx25,2024-12-08T13:24:09.912000+00:00,43.347,-127.1649,10.0,4.4,mwr,"225 km W of Bandon, Oregon",us,Mwr,20.0,4339100000000000.0,-4712700000000000.0,373500000000000.0,-1365600000000000.0,-168400000000000.0,-1749900000000000.0,68.62,37.26,83.81
nc75099566,2024-12-08T16:23:14.410000+00:00,40.3720016479492,-124.954170227051,-0.0700000002980232,4.26,mw,"57 km WNW of Petrolia, CA",nc,smi:nc.anss.org/momentTensor/TMTS,11.0,2477000000000000.0,-2492000000000000.0,14560000000000.0,-1627000000000000.0,-506700000000000.0,24860000000000.0,,,
nn00888580,2024-12-09T23:08:31.577000+00:00,39.1675,-119.0238,8.0,5.71,mwr,"2024 Parker Butte, Nevada Earthquake",nn,Mwr,8.0,-1.1e+16,-3.62e+17,3.73e+17,-5.1e+16,7.4e+16,2.52e+17,62.0,79.0,-2.0
nc75101006,2024-12-10T13:01:07.270000+00:00,40.3325,-124.792,5.82,4.17,mw,"43 km WNW of Petrolia, CA",nc,smi:nc.anss.org/momentTensor/TMTS,1.5,618300000000000.0,-173700000000000.0,-444600000000000.0,1476000000000000.0,-1472000000000000.0,535200000000000.0,,,
nc75103356,2024-12-15T07:21:59.240000+00:00,40.4141666666667,-125.183666666667,10.0,5.25,mw,"77 km WNW of Petrolia, CA",nc,smi:nc.anss.org/momentTensor/TMTS,8.0,5175000000000000.0,-6.16e+16,5.642e+16,4.551e+16,-2.503e+16,-4.745e+16,,,
nc75104216,2024-12-17T01:08:14.980000+00:00,40.282,-123.710666666667,28.97,4.05,mw,"20 km NE of Redway, CA",nc,smi:nc.anss.org/momentTensor/TMTS,33.0,-158000000000000.0,-1235000000000000.0,1393000000000000.0,-344100000000000.0,-156600000000000.0,554500000000000.0,,,
us6000pflq,2024-12-25T21:39:29.258000+00:00,50.5968,-130.2621,10.0,5.0,mww,"224 km W of Port McNeill, Canada",us,Mww,11.5,-3724000000000000.0,-3.3829e+16,3.7553e+16,618000000000000.0,-964000000000000.0,2.1352e+16,240.44,88.38,-0.3
nc75109266,2024-12-29T11:36:29.460000+00:00,40.4646682739258,-125.504333496094,4.86999988555908,4.0,mw,"104 km WNW of Petrolia, CA",nc,smi:nc.anss.org/momentTensor/TMTS,3.5,180400000000000.0,-509700000000000.0,329300000000000.0,40460000000000.0,660300000000000.0,-937300000000000.0,,,
nc75111126,2025-01-02T02:34:04.660000+00:00,38.8455,-122.756333333333,1.42,4.65,mw,"4 km NW of Cobb, CA",nc,smi:nc.anss.org/momentTensor/TMTS,1.5,-8112000000000000.0,952200000000000.0,7160000000000000.0,6296000000000000.0,729800000000000.0,6177000000000000.0,,,
nc75123321,2025-01-26T14:03:01.190000+00:00,40.3348333333333,-124.942833333333,7.04,4.13,mw,"56 km WNW of Petrolia, CA",nc,smi:nc.anss.org/momentTensor/TMTS,8.0,-321500000000000.0,-322200000000000.0,643800000000000.0,-836100000000000.0,-174600000000000.0,-1642000000000000.0,,,
us7000p9ue,2025-01-29T13:53:35.931000+00:00,47.8528,-128.2889,10.0,4.3,mwr,"227 km SW of Tofino, Canada",us,Mwr,12.0,-75800000000000.0,-1053900000000000.0,1129600000000000.0,469900000000000.0,-2707100000000000.0,-567100000000000.0,133.78,8.53,-128.82
us7000pbsu,2025-02-06T12:05:48.817000+00:00,50.4853,-130.0619,10.0,4.6,mwr,"211 km W of Port McNeill, Canada",us,Mwr,9.0,-937400000000000.0,-6038400000000000.0,6975800000000000.0,-1297400000000000.0,5279700000000000.0,809100000000000.0,52.68,54.15,3.23
nc75131617,2025-02-11T08:13:16.240000+00:00,40.2815,-124.583833333333,19.77,4.1,mw,"26 km W of Petrolia, CA",nc,smi:nc.anss.org/momentTensor/TMTS,24.0,112500000000000.0,-857900000000000.0,745400000000000.0,105300000000000.0,109400000000000.0,-1524000000000000.0,,,
nc75132032,2025-02-12T04:32:40.380000+00:00,40.372,-125.0955,10.0,4.46,mw,"69 km WNW of Petrolia, CA",nc,smi:nc.anss.org/momentTensor/TMTS,14.0,630000000000000.0,-1650000000000000.0,1020000000000000.0,1618000000000000.0,-1015000000000000.0,-5536000000000000.0,,,
us7000pfbs,2025-02-21T21:26:32.781000+00:00,49.6928,-123.5454,10.0,4.8,mww,"28 km W of Squamish, Canada",us,Mww,19.5,6373000000000000.0,-9660000000000000.0,3287000000000000.0,-5746000000000000.0,8915000000000000.0,-1.5346e+16,275.49,65.32,153.26
us6000pv9t,2025-02-25T05:37:28.702000+00:00,50.4881,-130.0453,10.0,5.2,mww,"210 km W of Port McNeill, Canada",us,Mww,11.5,-1.6467e+16,-2.1441e+16,3.7908e+16,3.0285e+16,1631000000000000.0,7.4539e+16,350.34,67.94,-171.85
uw62078906,2025-03-03T13:02:37.850000+00:00,48.61116666666667,-122.80516666666666,15.81,4.5,ml,"2025 Orcas Island, Washington",us,Mwr,17.0,1830600000000000.0,-333800000000000.0,-1496700000000000.0,-23400000000000.0,229700000000000.0,-735500000000000.0,22.05,48.17,84.93
nc75149826,2025-03-17T02:13:44.980000+00:00,39.4915,-122.948333333333,10.63,4.18,mw,"9 km NNE of Lake Pillsbury, CA",nc,smi:nc.anss.org/momentTensor/TMTS,8.0,-352800000000000.0,-1297000000000000.0,1650000000000000.0,919900000000000.0,-36700000000000.0,1507000000000000.0,,,
nc75170586,2025-04-24T03:41:46.120000+00:00,40.3551666666667,-124.944666666667,10.06,4.22,mw,"56 km WNW of Petrolia, CA",nc,smi:nc.anss.org/momentTensor/TMTS,11.0,189700000000000.0,-515600000000000.0,325800000000000.0,-37030000000000.0,-1062000000000000.0,-1746000000000000.0,,,
nc75186201,2025-05-25T09:56:36.830000+00:00,40.2805,-124.671333333333,5.73,4.1,mw,"33 km W of Petrolia, CA",nc,smi:nc.anss.org/momentTensor/TMTS,11.0,-327500000000000.0,-212200000000000.0,539800000000000.0,86490000000000.0,-145000000000000.0,-1724000000000000.0,,,
nc75186621,2025-05-26T08:17:57.630000+00:00,40.2655,-124.637,2.92,4.63,mw,"31 km W of Petrolia, CA",nc,smi:nc.anss.org/momentTensor/TMTS,3.5,-1950000000000000.0,-3053000000000000.0,5003000000000000.0,-3369000000000000.0,-2622000000000000.0,-8903000000000000.0,,,
nc75195021,2025-06-13T07:44:47.750000+00:00,40.3341666666667,-124.881,8.99,4.08,mw,"51 km WNW of Petrolia, CA",nc,smi:nc.anss.org/momentTensor/TMTS,14.0,50110000000000.0,-702600000000000.0,652500000000000.0,433300000000000.0,-157900000000000.0,-1423000000000000.0,,,
nc75215702,2025-07-27T06:50:29.330000+00:00,40.403,-125.333333333333,10.0,4.2,mw,"89 km WNW of Petrolia, CA",nc,smi:nc.anss.org/momentTensor/TMTS,18.0,690500000000000.0,-1326000000000000.0,635600000000000.0,1038000000000000.0,-1092000000000000.0,-1597000000000000.0,,,
nc75216737,2025-07-29T23:18:18.760000+00:00,40.768,-125.106333333333,9.22,4.51,mw,"74 km WNW of Ferndale, CA",nc,smi:nc.anss.org/momentTensor/TMTS,11.0,-266900000000000.0,-5943000000000000.0,6210000000000000.0,-161800000000000.0,1326000000000000.0,3557000000000000.0,,,
nc75223077,2025-08-14T12:48:04.600000+00:00,38.8005,-122.8165,3.38,4.05,mw,"6 km NW of The Geysers, CA",nc,smi:nc.anss.org/momentTensor/TMTS,3.5,-476500000000000.0,-355300000000000.0,831900000000000.0,926400000000000.0,611200000000000.0,653800000000000.0,,,
us7000quwy,2025-09-09T04:08:01.584000+00:00,42.36,-126.5618,10.0,5.7,mww,"174 km WSW of Port Orford, Oregon",us,Mww,11.5,-2.431e+16,-4.6255e+17,4.8686e+17,-1.1208e+17,-8.357e+16,1.6954e+17,54.66,89.34,-15.54
us6000rc9k,2025-09-09T16:32:08.973000+00:00,42.4293,-126.2798,10.0,4.6,mww,"150 km WSW of Port Orford, Oregon",us,Mww,15.5,-1595900000000000.0,-7594800000000000.0,9190700000000000.0,768800000000000.0,-537800000000000.0,-2307100000000000.0,217.24,83.3,-2.07
us7000qv38,2025-09-09T19:02:04.606000+00:00,42.4438,-126.5855,10.0,4.9,mww,"174 km WSW of Port Orford, Oregon",us,Mww,11.5,-736000000000000.0,-1.7768e+16,1.8503e+16,-1.2992e+16,-6403000000000000.0,6449000000000000.0,54.32,86.81,-36.43
us7000qv3g,2025-09-09T19:31:43.949000+00:00,42.4522,-126.57,10.0,5.1,mww,"173 km WSW of Port Orford, Oregon",us,Mww,11.5,4061000000000000.0,-3.18e+16,2.7739e+16,-1.1276e+16,-2.7701e+16,2.1202e+16,147.62,65.02,159.57
us6000rd1w,2025-09-26T06:45:28.067000+00:00,43.4524,-127.3203,10.0,5.9,mww,"239 km W of Bandon, Oregon",us,Mww,17.5,-7.851e+16,-6.8819e+17,7.667e+17,-4.031e+16,-2.4153e+17,-6.058e+17,205.21,88.13,13.72
us6000rdd9,2025-09-27T22:12:49.601000+00:00,43.5197,-127.2051,10.0,5.1,mww,"231 km W of Bandon, Oregon",us,Mww,21.5,-7797000000000000.0,-3.4545e+16,4.2342e+16,1.6357e+16,3153000000000000.0,-3.5202e+16,202.12,74.28,-12.12
us6000rk5p,2025-10-29T13:42:44.529000+00:00,44.6049,-129.8321,10.0,4.8,mww,off the coast of Oregon,us,Mww,11.5,-2847000000000000.0,-1.7376e+16,2.0223e+16,2490000000000000.0,5136000000000000.0,-1.2863e+16,297.92,75.58,-177.87
us6000rk5r,2025-10-29T14:00:23.094000+00:00,44.381,-129.6821,10.0,5.4,mww,off the coast of Oregon,us,Mww,11.5,-1.15e+16,-1.5067e+17,1.6217e+17,7630000000000000.0,-2.317e+16,-1.0075e+17,208.81,85.05,4.59
us6000rwbc,2025-12-21T09:57:17.768000+00:00,43.8649,-127.6328,10.0,4.7,mww,"273 km WNW of Bandon, Oregon",us,Mww,11.5,-3761000000000000.0,-7063000000000000.0,1.0824e+16,962000000000000.0,-6416000000000000.0,-8429000000000000.0,111.49,66.51,178.12
nc75287861,2025-12-29T00:41:14.360000+00:00,40.547,-120.700833333333,6.78,4.7,mw,"15 km NNW of Susanville, CA",nc,smi:nc.anss.org/momentTensor/TMTS,8.0,-1844000000000000.0,-1.06e+16,1.244e+16,6044000000000000.0,-4143000000000000.0,2048000000000000.0,,,
nc75288851,2025-12-31T05:49:32+00:00,40.5443333333333,-120.692333333333,5.32,4.92,mw,"15 km NNW of Susanville, CA",nc,smi:nc.anss.org/momentTensor/TMTS,5.0,-4561000000000000.0,-2.173e+16,2.629e+16,1.585e+16,-7890000000000000.0,4183000000000000.0,,,
nc75292441,2026-01-08T08:00:21.950000+00:00,38.8326666666667,-122.8795,2.86,4.17,mw,"12 km ENE of Cloverdale, CA",nc,smi:nc.anss.org/momentTensor/TMTS,3.5,-642300000000000.0,-844200000000000.0,1486000000000000.0,1076000000000000.0,23020000000000.0,1424000000000000.0,,,
nc75295231,2026-01-13T21:10:54.210000+00:00,39.3921666666667,-123.251333333333,8.48,4.42,mw,"9 km ESE of Willits, CA",nc,smi:nc.anss.org/momentTensor/TMTS,8.0,112400000000000.0,-3875000000000000.0,3763000000000000.0,3010000000000000.0,1946000000000000.0,694500000000000.0,,,
us7000rq0d,2026-01-16T03:25:53.034000+00:00,43.6857,-128.0574,10.0,6.0,mww,off the coast of Oregon,us,Mww,11.5,-9.74e+16,-8.419e+17,9.392e+17,-2e+16,-7.04e+16,-7.006e+17,205.9,89.83,3.62
nc75297786,2026-01-19T00:20:33.840000+00:00,40.3908333333333,-125.0415,10.0,4.17,mw,"65 km W of Petrolia, CA",nc,smi:nc.anss.org/momentTensor/TMTS,3.5,-223200000000000.0,-377000000000000.0,600200000000000.0,-903800000000000.0,-255900000000000.0,-1993000000000000.0,,,
nc75299751,2026-01-22T07:28:29.670000+00:00,40.6481666666667,-125.329666666667,10.0,4.27,mw,"90 km W of Ferndale, CA",nc,smi:nc.anss.org/momentTensor/TMTS,8.0,-295700000000000.0,-2281000000000000.0,2577000000000000.0,-1361000000000000.0,-1419000000000000.0,-357600000000000.0,,,
nc75308927,2026-02-05T12:49:30.330000+00:00,40.4053333333333,-125.538,10.0,4.68,mw,"107 km W of Petrolia, CA",nc,smi:nc.anss.org/momentTensor/TMTS,14.0,494900000000000.0,-2240000000000000.0,1745000000000000.0,2114000000000000.0,-2663000000000000.0,-1.234e+16,,,
nc75316827,2026-02-21T17:22:56.030000+00:00,38.8228333333333,-122.783666666667,1.96,4.15,mw,"5 km W of Cobb, CA",nc,smi:nc.anss.org/momentTensor/TMTS,3.5,-1664000000000000.0,277500000000000.0,1387000000000000.0,1819000000000000.0,1641000000000000.0,1433000000000000.0,,,
us7000s8kp,2026-03-29T17:50:19.319000+00:00,50.6939,-130.0873,10.0,4.2,mwr,"212 km W of Port McNeill, Canada",us,Mwr,5.0,-581300000000000.0,-2371200000000000.0,2952500000000000.0,731200000000000.0,286800000000000.0,961100000000000.0,233.55,82.34,-17.0
nn00914068,2026-04-14T01:29:12.123000+00:00,39.3345,-119.0075,5.0,5.68,mwr,"20 km ESE of Silver Springs, Nevada",nn,Mwr,5.0,5000000000000000.0,-3.48e+17,3.43e+17,-2000000000000000.0,7.8e+16,2.08e+17,61.0,80.0,5.0
nn00915459,2026-04-19T12:43:31.056000+00:00,39.2754,-119.0985,3.0,4.15,mwr,"18 km SE of Silver Springs, Nevada",nn,Mwr,3.0,50000000000000.0,-1880000000000000.0,1830000000000000.0,30000000000000.0,290000000000000.0,940000000000000.0,59.0,84.0,5.0
nn00915543,2026-04-19T14:39:16.331000+00:00,39.2685,-119.0857,6.0,4.73,mwr,"20 km SE of Silver Springs, Nevada",nn,Mwr,6.0,-1300000000000000.0,-1.17e+16,1.3e+16,-4100000000000000.0,1500000000000000.0,7800000000000000.0,60.0,77.0,-11.0
nn00916046,2026-04-22T17:23:37.085000+00:00,39.2758,-119.0955,3.0,4.78,mwr,"19 km SE of Silver Springs, Nevada",nn,Mwr,3.0,-700000000000000.0,-1.45e+16,1.52e+16,-4000000000000000.0,5100000000000000.0,8600000000000000.0,60.0,70.0,-3.0
nc75351142,2026-04-25T07:38:29.160000+00:00,40.3561666666667,-124.919,14.16,4.09,mw,"54 km W of Petrolia, CA",nc,smi:nc.anss.org/momentTensor/TMTS,14.0,3264000000000.0,-125900000000000.0,122700000000000.0,3647000000000.0,-653000000000000.0,-1541000000000000.0,,,
nn00916977,2026-05-01T08:15:55.842000+00:00,39.3035,-119.0377,7.0,4.28,mwr,"20 km SE of Silver Springs, Nevada",nn,Mwr,7.0,-140000000000000.0,-2840000000000000.0,2990000000000000.0,890000000000000.0,420000000000000.0,900000000000000.0,324.0,72.0,-176.0
nn00916980,2026-05-01T08:17:19.870000+00:00,39.3066,-119.0467,5.0,5.17,mwr,"19 km SE of Silver Springs, Nevada",nn,Mwr,5.0,-1500000000000000.0,-5.59e+16,5.75e+16,2.64e+16,1.75e+16,2.6e+16,327.0,63.0,-179.0
nc75358752,2026-05-07T09:42:43.400000+00:00,38.7913333333333,-122.777166666667,3.68,4.42,mw,"2 km NW of The Geysers, CA",nc,smi:nc.anss.org/momentTensor/TMTS,8.0,781100000000000.0,-1043000000000000.0,261500000000000.0,-1239000000000000.0,-1411000000000000.0,4838000000000000.0,,,
nc75357576,2026-05-09T04:58:02.120000+00:00,41.5026666666667,-125.218,26.13,4.8,mw,"89 km WSW of Crescent City, CA",nc,smi:nc.anss.org/momentTensor/TMTS,14.0,1563000000000000.0,-1.736e+16,1.58e+16,7067000000000000.0,-7616000000000000.0,-4179000000000000.0,,,
nn00918221,2026-05-10T18:22:13.799000+00:00,39.277,-119.0956,6.0,4.05,mwr,"18 km SE of Silver Springs, Nevada",nn,Mwr,6.0,40000000000000.0,-1360000000000000.0,1320000000000000.0,-70000000000000.0,350000000000000.0,390000000000000.0,54.0,77.0,6.0
us7000sq93,2026-06-03T10:53:54.766000+00:00,41.9394,-126.0698,10.0,5.7,mww,"143 km WSW of Pistol River, Oregon",us,Mww,11.5,-2.163e+16,-3.9498e+17,4.166e+17,8.151e+16,-4.889e+16,5.818e+16,319.61,85.42,-167.37
nc75370186,2026-06-03T12:45:36.790000+00:00,40.3646666666667,-125.017833333333,10.0,5.1,mw,"62 km W of Petrolia, CA",nc,smi:nc.anss.org/momentTensor/TMTS,11.0,404100000000000.0,-2.724e+16,2.683e+16,1.452e+16,-1.365e+16,-4.403e+16,,,
nc75370191,2026-06-03T13:11:35.310000+00:00,40.3643333333333,-125.035666666667,10.0,4.45,mw,"64 km W of Petrolia, CA",nc,smi:nc.anss.org/momentTensor/TMTS,14.0,-20500000000000.0,-811700000000000.0,832200000000000.0,476600000000000.0,-3199000000000000.0,-4771000000000000.0,,,
nc75370516,2026-06-04T02:36:16.230000+00:00,40.358,-125.003333333333,10.0,4.48,mw,"61 km W of Petrolia, CA",nc,smi:nc.anss.org/momentTensor/TMTS,8.0,-119300000000000.0,-301200000000000.0,420500000000000.0,-61230000000000.0,-4808000000000000.0,-4312000000000000.0,,,
nn00920131,2026-06-12T12:12:29.289000+00:00,39.3464,-118.9997,2.0,4.02,mwr,"20 km ESE of Silver Springs, Nevada",nn,Mwr,2.0,-180000000000000.0,-970000000000000.0,1160000000000000.0,560000000000000.0,10000000000000.0,-440000000000000.0,211.0,69.0,-16.0
nc75382936,2026-06-24T15:10:40.760000+00:00,39.3623333333333,-123.228833333333,8.85,5.59,mw,"11 km N of Redwood Valley, CA",nc,smi:nc.anss.org/momentTensor/TMTS,11.0,8620000000000000.0,-2.17e+17,2.083e+17,1.647e+17,6.342e+16,1.166e+17,,,
us6000t8yt,2026-06-29T11:35:32.831000+00:00,43.3073,-127.1835,10.0,5.5,mww,"226 km W of Langlois, Oregon",us,Mww,11.5,1.433e+16,-1.9939e+17,1.8506e+17,-3.665e+16,-1.931e+16,-2.199e+16,132.07,79.04,-177.2
nc75393566,2026-07-11T01:14:37.150000+00:00,39.8895,-123.227333333333,10.29,4.42,mw,"11 km N of Covelo, CA",nc,smi:nc.anss.org/momentTensor/TMTS,8.0,-907500000000000.0,-3304000000000000.0,4211000000000000.0,3006000000000000.0,-1921000000000000.0,-776200000000000.0,,,
us7000t1w2,2026-07-20T06:41:29.602000+00:00,49.4982,-129.5616,10.0,5.6,mww,"214 km SW of Port McNeill, Canada",us,Mww,11.5,4880000000000000.0,-2.6703e+17,2.6215e+17,3.941e+16,-5.422e+16,-9.338e+16,215.77,77.32,4.28
us7000t2a5,2026-07-21T18:32:54.245000+00:00,43.4138,-127.1588,10.0,4.6,mww,"225 km W of Bandon, Oregon",us,Mww,17.5,-981100000000000.0,-5377500000000000.0,6358600000000000.0,3663100000000000.0,-2593200000000000.0,-5557000000000000.0,294.23,89.71,-151.33
us7000t2ug,2026-07-23T19:16:27.721000+00:00,43.094,-126.3045,10.0,4.3,mwr,"152 km W of Langlois, Oregon",us,Mwr,21.0,1305100000000000.0,-3062900000000000.0,1757800000000000.0,557100000000000.0,-1937100000000000.0,-881300000000000.0,117.39,65.06,146.47
us7000t3c8,2026-07-25T18:33:17.547000+00:00,49.5528,-129.2995,10.0,4.4,mwr,"195 km SW of Port McNeill, Canada",us,Mwr,7.0,-297900000000000.0,-5009800000000000.0,5307700000000000.0,-1156500000000000.0,1532800000000000.0,1851700000000000.0,145.29,88.16,-160.58
nc75407577,2026-07-29T02:40:06.740000+00:00,38.777,-122.935666666667,5.92,4.24,mw,"8 km ESE of Cloverdale, CA",nc,smi:nc.anss.org/momentTensor/TMTS,5.0,-382500000000000.0,-1651000000000000.0,2033000000000000.0,-679700000000000.0,236200000000000.0,1996000000000000.0,,,
us6000thej,2026-08-01T04:49:00.308000+00:00,49.4394,-129.511,10.0,5.6,mww,"215 km SW of Port McNeill, Canada",us,Mww,11.5,-4.206e+16,-2.4495e+17,2.8701e+17,3.186e+16,-4.837e+16,-2.721e+16,222.25,78.19,0.18
nc75412157,2026-08-05T22:21:57.390000+00:00,40.0223333333333,-123.446166666667,7.28,4.41,mw,"31 km NNW of Covelo, CA",nc,smi:nc.anss.org/momentTensor/TMTS,8.0,-684600000000000.0,-4166000000000000.0,4850000000000000.0,1295000000000000.0,-169700000000000.0,1766000000000000.0,,,
us6000tij5,2026-08-06T09:55:40.691000+00:00,42.4093,-125.961,10.0,4.9,mww,"125 km WSW of Port Orford, Oregon",us,Mww,11.5,-3201000000000000.0,-2.1707e+16,2.4907e+16,1026000000000000.0,-1342000000000000.0,2.265e+16,247.06,86.95,-1.19
nc75426637,2026-08-29T02:41:11.610000+00:00,40.45,-125.272333333333,10.0,4.74,mw,"85 km W of Petrolia, CA",nc,smi:nc.anss.org/momentTensor/TMTS,11.0,616700000000000.0,-4983000000000000.0,4366000000000000.0,2680000000000000.0,-2046000000000000.0,-1.519e+16,,,
us7000tesi,2026-09-07T01:30:24.425000+00:00,43.8953,-128.2806,10.0,5.3,mww,off the coast of Oregon,us,Mww,11.5,-6.0263e+16,-2255000000000000.0,6.2518e+16,1.4266e+16,-7.5192e+16,8031000000000000.0,200.39,21.24,-64.53
us6000ty2u,2026-09-28T04:41:21.639000+00:00,50.0527,-130.2208,10.0,5.4,mww,"231 km WSW of Port McNeill, Canada",us,Mww,11.5,-2.142e+16,-1.2245e+17,1.4387e+17,2300000000000000.0,-1.216e+16,1.385e+16,228.05,85.92,1.75
us6000ty43,2026-09-28T09:13:39.402000+00:00,50.171,-129.6785,10.0,5.2,mww,"190 km WSW of Port McNeill, Canada",us,Mww,11.5,-4141000000000000.0,-6.2043e+16,6.6184e+16,1.2942e+16,-1.4077e+16,1.1217e+16,320.34,87.99,-163.48
nc75444322,2026-09-29T11:36:39.240000+00:00,40.4225,-125.418333333333,10.0,4.73,mw,"97 km W of Petrolia, CA",nc,smi:nc.anss.org/momentTensor/TMTS,5.0,-404800000000000.0,-3780000000000000.0,4185000000000000.0,-1902000000000000.0,-3218000000000000.0,-1.452e+16,,,
