depth ,vp,vp_grad,vs,vs_grad,x,y
0,6.5,0.3,3.75277675,0.173205081,1,0
5,8,0.3,4.618802154,0.173205081,1,0
